"rep","rand","dens","Dist","richness","order","nind","comp","species","SD","ID","trayID"
1,"det","add",2.8,1,"V1",85,1,"sp_1",0.5,"1.det.add.1",1
1,"det","add",2.8,1,"V2",0,0.3,"sp_2",0.5,"1.det.add.1",1
1,"det","add",2.8,1,"V3",0,0.2,"sp_3",0.5,"1.det.add.1",1
1,"det","add",2.8,1,"V4",0,0.1,"sp_4",0.5,"1.det.add.1",1
1,"det","add",2.8,1,"V5",0,0,"sp_5",0.5,"1.det.add.1",1
1,"det","add",2.8,1,"V6",0,0,"sp_6",0.5,"1.det.add.1",1
1,"det","add",2.1,2,"V1",89,1,"sp_1",0.5,"1.det.add.2",41
1,"det","add",2.1,2,"V2",65,0.3,"sp_2",0.5,"1.det.add.2",41
1,"det","add",2.1,2,"V3",0,0.2,"sp_3",0.5,"1.det.add.2",41
1,"det","add",2.1,2,"V4",0,0.1,"sp_4",0.5,"1.det.add.2",41
1,"det","add",2.1,2,"V5",0,0,"sp_5",0.5,"1.det.add.2",41
1,"det","add",2.1,2,"V6",0,0,"sp_6",0.5,"1.det.add.2",41
1,"det","add",1.7,4,"V1",86,1,"sp_1",0.5,"1.det.add.4",84
1,"det","add",1.7,4,"V2",61,0.3,"sp_2",0.5,"1.det.add.4",84
1,"det","add",1.7,4,"V3",50,0.2,"sp_3",0.5,"1.det.add.4",84
1,"det","add",1.7,4,"V4",41,0.1,"sp_4",0.5,"1.det.add.4",84
1,"det","add",1.7,4,"V5",0,0,"sp_5",0.5,"1.det.add.4",84
1,"det","add",1.7,4,"V6",0,0,"sp_6",0.5,"1.det.add.4",84
1,"det","add",1.5,6,"V1",87,1,"sp_1",0.5,"1.det.add.6",127
1,"det","add",1.5,6,"V2",63,0.3,"sp_2",0.5,"1.det.add.6",127
1,"det","add",1.5,6,"V3",51,0.2,"sp_3",0.5,"1.det.add.6",127
1,"det","add",1.5,6,"V4",42,0.1,"sp_4",0.5,"1.det.add.6",127
1,"det","add",1.5,6,"V5",35,0,"sp_5",0.5,"1.det.add.6",127
1,"det","add",1.5,6,"V6",26,0,"sp_6",0.5,"1.det.add.6",127
2,"det","add",2.8,1,"V1",85,1,"sp_1",0.5,"2.det.add.1",2
2,"det","add",2.8,1,"V2",0,0.3,"sp_2",0.5,"2.det.add.1",2
2,"det","add",2.8,1,"V3",0,0.2,"sp_3",0.5,"2.det.add.1",2
2,"det","add",2.8,1,"V4",0,0.1,"sp_4",0.5,"2.det.add.1",2
2,"det","add",2.8,1,"V5",0,0,"sp_5",0.5,"2.det.add.1",2
2,"det","add",2.8,1,"V6",0,0,"sp_6",0.5,"2.det.add.1",2
2,"det","add",2.1,2,"V1",89,1,"sp_1",0.5,"2.det.add.2",45
2,"det","add",2.1,2,"V2",65,0.3,"sp_2",0.5,"2.det.add.2",45
2,"det","add",2.1,2,"V3",0,0.2,"sp_3",0.5,"2.det.add.2",45
2,"det","add",2.1,2,"V4",0,0.1,"sp_4",0.5,"2.det.add.2",45
2,"det","add",2.1,2,"V5",0,0,"sp_5",0.5,"2.det.add.2",45
2,"det","add",2.1,2,"V6",0,0,"sp_6",0.5,"2.det.add.2",45
2,"det","add",1.7,4,"V1",86,1,"sp_1",0.5,"2.det.add.4",88
2,"det","add",1.7,4,"V2",61,0.3,"sp_2",0.5,"2.det.add.4",88
2,"det","add",1.7,4,"V3",50,0.2,"sp_3",0.5,"2.det.add.4",88
2,"det","add",1.7,4,"V4",41,0.1,"sp_4",0.5,"2.det.add.4",88
2,"det","add",1.7,4,"V5",0,0,"sp_5",0.5,"2.det.add.4",88
2,"det","add",1.7,4,"V6",0,0,"sp_6",0.5,"2.det.add.4",88
2,"det","add",1.5,6,"V1",87,1,"sp_1",0.5,"2.det.add.6",131
2,"det","add",1.5,6,"V2",63,0.3,"sp_2",0.5,"2.det.add.6",131
2,"det","add",1.5,6,"V3",51,0.2,"sp_3",0.5,"2.det.add.6",131
2,"det","add",1.5,6,"V4",42,0.1,"sp_4",0.5,"2.det.add.6",131
2,"det","add",1.5,6,"V5",35,0,"sp_5",0.5,"2.det.add.6",131
2,"det","add",1.5,6,"V6",26,0,"sp_6",0.5,"2.det.add.6",131
3,"det","add",2.8,1,"V1",85,1,"sp_1",0.5,"3.det.add.1",3
3,"det","add",2.8,1,"V2",0,0.3,"sp_2",0.5,"3.det.add.1",3
3,"det","add",2.8,1,"V3",0,0.2,"sp_3",0.5,"3.det.add.1",3
3,"det","add",2.8,1,"V4",0,0.1,"sp_4",0.5,"3.det.add.1",3
3,"det","add",2.8,1,"V5",0,0,"sp_5",0.5,"3.det.add.1",3
3,"det","add",2.8,1,"V6",0,0,"sp_6",0.5,"3.det.add.1",3
3,"det","add",2.1,2,"V1",89,1,"sp_1",0.5,"3.det.add.2",46
3,"det","add",2.1,2,"V2",65,0.3,"sp_2",0.5,"3.det.add.2",46
3,"det","add",2.1,2,"V3",0,0.2,"sp_3",0.5,"3.det.add.2",46
3,"det","add",2.1,2,"V4",0,0.1,"sp_4",0.5,"3.det.add.2",46
3,"det","add",2.1,2,"V5",0,0,"sp_5",0.5,"3.det.add.2",46
3,"det","add",2.1,2,"V6",0,0,"sp_6",0.5,"3.det.add.2",46
3,"det","add",1.7,4,"V1",86,1,"sp_1",0.5,"3.det.add.4",89
3,"det","add",1.7,4,"V2",61,0.3,"sp_2",0.5,"3.det.add.4",89
3,"det","add",1.7,4,"V3",50,0.2,"sp_3",0.5,"3.det.add.4",89
3,"det","add",1.7,4,"V4",41,0.1,"sp_4",0.5,"3.det.add.4",89
3,"det","add",1.7,4,"V5",0,0,"sp_5",0.5,"3.det.add.4",89
3,"det","add",1.7,4,"V6",0,0,"sp_6",0.5,"3.det.add.4",89
3,"det","add",1.5,6,"V1",87,1,"sp_1",0.5,"3.det.add.6",132
3,"det","add",1.5,6,"V2",63,0.3,"sp_2",0.5,"3.det.add.6",132
3,"det","add",1.5,6,"V3",51,0.2,"sp_3",0.5,"3.det.add.6",132
3,"det","add",1.5,6,"V4",42,0.1,"sp_4",0.5,"3.det.add.6",132
3,"det","add",1.5,6,"V5",35,0,"sp_5",0.5,"3.det.add.6",132
3,"det","add",1.5,6,"V6",26,0,"sp_6",0.5,"3.det.add.6",132
4,"det","add",2.8,1,"V1",85,1,"sp_1",0.5,"4.det.add.1",4
4,"det","add",2.8,1,"V2",0,0.3,"sp_2",0.5,"4.det.add.1",4
4,"det","add",2.8,1,"V3",0,0.2,"sp_3",0.5,"4.det.add.1",4
4,"det","add",2.8,1,"V4",0,0.1,"sp_4",0.5,"4.det.add.1",4
4,"det","add",2.8,1,"V5",0,0,"sp_5",0.5,"4.det.add.1",4
4,"det","add",2.8,1,"V6",0,0,"sp_6",0.5,"4.det.add.1",4
4,"det","add",2.1,2,"V1",89,1,"sp_1",0.5,"4.det.add.2",47
4,"det","add",2.1,2,"V2",65,0.3,"sp_2",0.5,"4.det.add.2",47
4,"det","add",2.1,2,"V3",0,0.2,"sp_3",0.5,"4.det.add.2",47
4,"det","add",2.1,2,"V4",0,0.1,"sp_4",0.5,"4.det.add.2",47
4,"det","add",2.1,2,"V5",0,0,"sp_5",0.5,"4.det.add.2",47
4,"det","add",2.1,2,"V6",0,0,"sp_6",0.5,"4.det.add.2",47
4,"det","add",1.7,4,"V1",86,1,"sp_1",0.5,"4.det.add.4",90
4,"det","add",1.7,4,"V2",61,0.3,"sp_2",0.5,"4.det.add.4",90
4,"det","add",1.7,4,"V3",50,0.2,"sp_3",0.5,"4.det.add.4",90
4,"det","add",1.7,4,"V4",41,0.1,"sp_4",0.5,"4.det.add.4",90
4,"det","add",1.7,4,"V5",0,0,"sp_5",0.5,"4.det.add.4",90
4,"det","add",1.7,4,"V6",0,0,"sp_6",0.5,"4.det.add.4",90
4,"det","add",1.5,6,"V1",87,1,"sp_1",0.5,"4.det.add.6",133
4,"det","add",1.5,6,"V2",63,0.3,"sp_2",0.5,"4.det.add.6",133
4,"det","add",1.5,6,"V3",51,0.2,"sp_3",0.5,"4.det.add.6",133
4,"det","add",1.5,6,"V4",42,0.1,"sp_4",0.5,"4.det.add.6",133
4,"det","add",1.5,6,"V5",35,0,"sp_5",0.5,"4.det.add.6",133
4,"det","add",1.5,6,"V6",26,0,"sp_6",0.5,"4.det.add.6",133
5,"det","add",2.8,1,"V1",85,1,"sp_1",0.5,"5.det.add.1",5
5,"det","add",2.8,1,"V2",0,0.3,"sp_2",0.5,"5.det.add.1",5
5,"det","add",2.8,1,"V3",0,0.2,"sp_3",0.5,"5.det.add.1",5
5,"det","add",2.8,1,"V4",0,0.1,"sp_4",0.5,"5.det.add.1",5
5,"det","add",2.8,1,"V5",0,0,"sp_5",0.5,"5.det.add.1",5
5,"det","add",2.8,1,"V6",0,0,"sp_6",0.5,"5.det.add.1",5
5,"det","add",2.1,2,"V1",89,1,"sp_1",0.5,"5.det.add.2",48
5,"det","add",2.1,2,"V2",65,0.3,"sp_2",0.5,"5.det.add.2",48
5,"det","add",2.1,2,"V3",0,0.2,"sp_3",0.5,"5.det.add.2",48
5,"det","add",2.1,2,"V4",0,0.1,"sp_4",0.5,"5.det.add.2",48
5,"det","add",2.1,2,"V5",0,0,"sp_5",0.5,"5.det.add.2",48
5,"det","add",2.1,2,"V6",0,0,"sp_6",0.5,"5.det.add.2",48
5,"det","add",1.7,4,"V1",86,1,"sp_1",0.5,"5.det.add.4",91
5,"det","add",1.7,4,"V2",61,0.3,"sp_2",0.5,"5.det.add.4",91
5,"det","add",1.7,4,"V3",50,0.2,"sp_3",0.5,"5.det.add.4",91
5,"det","add",1.7,4,"V4",41,0.1,"sp_4",0.5,"5.det.add.4",91
5,"det","add",1.7,4,"V5",0,0,"sp_5",0.5,"5.det.add.4",91
5,"det","add",1.7,4,"V6",0,0,"sp_6",0.5,"5.det.add.4",91
5,"det","add",1.5,6,"V1",87,1,"sp_1",0.5,"5.det.add.6",134
5,"det","add",1.5,6,"V2",63,0.3,"sp_2",0.5,"5.det.add.6",134
5,"det","add",1.5,6,"V3",51,0.2,"sp_3",0.5,"5.det.add.6",134
5,"det","add",1.5,6,"V4",42,0.1,"sp_4",0.5,"5.det.add.6",134
5,"det","add",1.5,6,"V5",35,0,"sp_5",0.5,"5.det.add.6",134
5,"det","add",1.5,6,"V6",26,0,"sp_6",0.5,"5.det.add.6",134
6,"det","add",2.8,1,"V1",85,1,"sp_1",0.5,"6.det.add.1",6
6,"det","add",2.8,1,"V2",0,0.3,"sp_2",0.5,"6.det.add.1",6
6,"det","add",2.8,1,"V3",0,0.2,"sp_3",0.5,"6.det.add.1",6
6,"det","add",2.8,1,"V4",0,0.1,"sp_4",0.5,"6.det.add.1",6
6,"det","add",2.8,1,"V5",0,0,"sp_5",0.5,"6.det.add.1",6
6,"det","add",2.8,1,"V6",0,0,"sp_6",0.5,"6.det.add.1",6
6,"det","add",2.1,2,"V1",89,1,"sp_1",0.5,"6.det.add.2",49
6,"det","add",2.1,2,"V2",65,0.3,"sp_2",0.5,"6.det.add.2",49
6,"det","add",2.1,2,"V3",0,0.2,"sp_3",0.5,"6.det.add.2",49
6,"det","add",2.1,2,"V4",0,0.1,"sp_4",0.5,"6.det.add.2",49
6,"det","add",2.1,2,"V5",0,0,"sp_5",0.5,"6.det.add.2",49
6,"det","add",2.1,2,"V6",0,0,"sp_6",0.5,"6.det.add.2",49
6,"det","add",1.7,4,"V1",86,1,"sp_1",0.5,"6.det.add.4",92
6,"det","add",1.7,4,"V2",61,0.3,"sp_2",0.5,"6.det.add.4",92
6,"det","add",1.7,4,"V3",50,0.2,"sp_3",0.5,"6.det.add.4",92
6,"det","add",1.7,4,"V4",41,0.1,"sp_4",0.5,"6.det.add.4",92
6,"det","add",1.7,4,"V5",0,0,"sp_5",0.5,"6.det.add.4",92
6,"det","add",1.7,4,"V6",0,0,"sp_6",0.5,"6.det.add.4",92
6,"det","add",1.5,6,"V1",87,1,"sp_1",0.5,"6.det.add.6",135
6,"det","add",1.5,6,"V2",63,0.3,"sp_2",0.5,"6.det.add.6",135
6,"det","add",1.5,6,"V3",51,0.2,"sp_3",0.5,"6.det.add.6",135
6,"det","add",1.5,6,"V4",42,0.1,"sp_4",0.5,"6.det.add.6",135
6,"det","add",1.5,6,"V5",35,0,"sp_5",0.5,"6.det.add.6",135
6,"det","add",1.5,6,"V6",26,0,"sp_6",0.5,"6.det.add.6",135
7,"det","add",2.8,1,"V1",85,1,"sp_1",0.5,"7.det.add.1",7
7,"det","add",2.8,1,"V2",0,0.3,"sp_2",0.5,"7.det.add.1",7
7,"det","add",2.8,1,"V3",0,0.2,"sp_3",0.5,"7.det.add.1",7
7,"det","add",2.8,1,"V4",0,0.1,"sp_4",0.5,"7.det.add.1",7
7,"det","add",2.8,1,"V5",0,0,"sp_5",0.5,"7.det.add.1",7
7,"det","add",2.8,1,"V6",0,0,"sp_6",0.5,"7.det.add.1",7
7,"det","add",2.1,2,"V1",89,1,"sp_1",0.5,"7.det.add.2",50
7,"det","add",2.1,2,"V2",65,0.3,"sp_2",0.5,"7.det.add.2",50
7,"det","add",2.1,2,"V3",0,0.2,"sp_3",0.5,"7.det.add.2",50
7,"det","add",2.1,2,"V4",0,0.1,"sp_4",0.5,"7.det.add.2",50
7,"det","add",2.1,2,"V5",0,0,"sp_5",0.5,"7.det.add.2",50
7,"det","add",2.1,2,"V6",0,0,"sp_6",0.5,"7.det.add.2",50
7,"det","add",1.7,4,"V1",86,1,"sp_1",0.5,"7.det.add.4",93
7,"det","add",1.7,4,"V2",61,0.3,"sp_2",0.5,"7.det.add.4",93
7,"det","add",1.7,4,"V3",50,0.2,"sp_3",0.5,"7.det.add.4",93
7,"det","add",1.7,4,"V4",41,0.1,"sp_4",0.5,"7.det.add.4",93
7,"det","add",1.7,4,"V5",0,0,"sp_5",0.5,"7.det.add.4",93
7,"det","add",1.7,4,"V6",0,0,"sp_6",0.5,"7.det.add.4",93
7,"det","add",1.5,6,"V1",87,1,"sp_1",0.5,"7.det.add.6",136
7,"det","add",1.5,6,"V2",63,0.3,"sp_2",0.5,"7.det.add.6",136
7,"det","add",1.5,6,"V3",51,0.2,"sp_3",0.5,"7.det.add.6",136
7,"det","add",1.5,6,"V4",42,0.1,"sp_4",0.5,"7.det.add.6",136
7,"det","add",1.5,6,"V5",35,0,"sp_5",0.5,"7.det.add.6",136
7,"det","add",1.5,6,"V6",26,0,"sp_6",0.5,"7.det.add.6",136
8,"det","add",2.8,1,"V1",85,1,"sp_1",0.5,"8.det.add.1",8
8,"det","add",2.8,1,"V2",0,0.3,"sp_2",0.5,"8.det.add.1",8
8,"det","add",2.8,1,"V3",0,0.2,"sp_3",0.5,"8.det.add.1",8
8,"det","add",2.8,1,"V4",0,0.1,"sp_4",0.5,"8.det.add.1",8
8,"det","add",2.8,1,"V5",0,0,"sp_5",0.5,"8.det.add.1",8
8,"det","add",2.8,1,"V6",0,0,"sp_6",0.5,"8.det.add.1",8
8,"det","add",2.1,2,"V1",89,1,"sp_1",0.5,"8.det.add.2",51
8,"det","add",2.1,2,"V2",65,0.3,"sp_2",0.5,"8.det.add.2",51
8,"det","add",2.1,2,"V3",0,0.2,"sp_3",0.5,"8.det.add.2",51
8,"det","add",2.1,2,"V4",0,0.1,"sp_4",0.5,"8.det.add.2",51
8,"det","add",2.1,2,"V5",0,0,"sp_5",0.5,"8.det.add.2",51
8,"det","add",2.1,2,"V6",0,0,"sp_6",0.5,"8.det.add.2",51
8,"det","add",1.7,4,"V1",86,1,"sp_1",0.5,"8.det.add.4",94
8,"det","add",1.7,4,"V2",61,0.3,"sp_2",0.5,"8.det.add.4",94
8,"det","add",1.7,4,"V3",50,0.2,"sp_3",0.5,"8.det.add.4",94
8,"det","add",1.7,4,"V4",41,0.1,"sp_4",0.5,"8.det.add.4",94
8,"det","add",1.7,4,"V5",0,0,"sp_5",0.5,"8.det.add.4",94
8,"det","add",1.7,4,"V6",0,0,"sp_6",0.5,"8.det.add.4",94
8,"det","add",1.5,6,"V1",87,1,"sp_1",0.5,"8.det.add.6",137
8,"det","add",1.5,6,"V2",63,0.3,"sp_2",0.5,"8.det.add.6",137
8,"det","add",1.5,6,"V3",51,0.2,"sp_3",0.5,"8.det.add.6",137
8,"det","add",1.5,6,"V4",42,0.1,"sp_4",0.5,"8.det.add.6",137
8,"det","add",1.5,6,"V5",35,0,"sp_5",0.5,"8.det.add.6",137
8,"det","add",1.5,6,"V6",26,0,"sp_6",0.5,"8.det.add.6",137
9,"det","add",2.8,1,"V1",85,1,"sp_1",0.5,"9.det.add.1",9
9,"det","add",2.8,1,"V2",0,0.3,"sp_2",0.5,"9.det.add.1",9
9,"det","add",2.8,1,"V3",0,0.2,"sp_3",0.5,"9.det.add.1",9
9,"det","add",2.8,1,"V4",0,0.1,"sp_4",0.5,"9.det.add.1",9
9,"det","add",2.8,1,"V5",0,0,"sp_5",0.5,"9.det.add.1",9
9,"det","add",2.8,1,"V6",0,0,"sp_6",0.5,"9.det.add.1",9
9,"det","add",2.1,2,"V1",89,1,"sp_1",0.5,"9.det.add.2",52
9,"det","add",2.1,2,"V2",65,0.3,"sp_2",0.5,"9.det.add.2",52
9,"det","add",2.1,2,"V3",0,0.2,"sp_3",0.5,"9.det.add.2",52
9,"det","add",2.1,2,"V4",0,0.1,"sp_4",0.5,"9.det.add.2",52
9,"det","add",2.1,2,"V5",0,0,"sp_5",0.5,"9.det.add.2",52
9,"det","add",2.1,2,"V6",0,0,"sp_6",0.5,"9.det.add.2",52
9,"det","add",1.7,4,"V1",86,1,"sp_1",0.5,"9.det.add.4",95
9,"det","add",1.7,4,"V2",61,0.3,"sp_2",0.5,"9.det.add.4",95
9,"det","add",1.7,4,"V3",50,0.2,"sp_3",0.5,"9.det.add.4",95
9,"det","add",1.7,4,"V4",41,0.1,"sp_4",0.5,"9.det.add.4",95
9,"det","add",1.7,4,"V5",0,0,"sp_5",0.5,"9.det.add.4",95
9,"det","add",1.7,4,"V6",0,0,"sp_6",0.5,"9.det.add.4",95
9,"det","add",1.5,6,"V1",87,1,"sp_1",0.5,"9.det.add.6",138
9,"det","add",1.5,6,"V2",63,0.3,"sp_2",0.5,"9.det.add.6",138
9,"det","add",1.5,6,"V3",51,0.2,"sp_3",0.5,"9.det.add.6",138
9,"det","add",1.5,6,"V4",42,0.1,"sp_4",0.5,"9.det.add.6",138
9,"det","add",1.5,6,"V5",35,0,"sp_5",0.5,"9.det.add.6",138
9,"det","add",1.5,6,"V6",26,0,"sp_6",0.5,"9.det.add.6",138
10,"det","add",2.8,1,"V1",85,1,"sp_1",0.5,"10.det.add.1",10
10,"det","add",2.8,1,"V2",0,0.3,"sp_2",0.5,"10.det.add.1",10
10,"det","add",2.8,1,"V3",0,0.2,"sp_3",0.5,"10.det.add.1",10
10,"det","add",2.8,1,"V4",0,0.1,"sp_4",0.5,"10.det.add.1",10
10,"det","add",2.8,1,"V5",0,0,"sp_5",0.5,"10.det.add.1",10
10,"det","add",2.8,1,"V6",0,0,"sp_6",0.5,"10.det.add.1",10
10,"det","add",2.1,2,"V1",89,1,"sp_1",0.5,"10.det.add.2",53
10,"det","add",2.1,2,"V2",65,0.3,"sp_2",0.5,"10.det.add.2",53
10,"det","add",2.1,2,"V3",0,0.2,"sp_3",0.5,"10.det.add.2",53
10,"det","add",2.1,2,"V4",0,0.1,"sp_4",0.5,"10.det.add.2",53
10,"det","add",2.1,2,"V5",0,0,"sp_5",0.5,"10.det.add.2",53
10,"det","add",2.1,2,"V6",0,0,"sp_6",0.5,"10.det.add.2",53
10,"det","add",1.7,4,"V1",86,1,"sp_1",0.5,"10.det.add.4",96
10,"det","add",1.7,4,"V2",61,0.3,"sp_2",0.5,"10.det.add.4",96
10,"det","add",1.7,4,"V3",50,0.2,"sp_3",0.5,"10.det.add.4",96
10,"det","add",1.7,4,"V4",41,0.1,"sp_4",0.5,"10.det.add.4",96
10,"det","add",1.7,4,"V5",0,0,"sp_5",0.5,"10.det.add.4",96
10,"det","add",1.7,4,"V6",0,0,"sp_6",0.5,"10.det.add.4",96
10,"det","add",1.5,6,"V1",87,1,"sp_1",0.5,"10.det.add.6",139
10,"det","add",1.5,6,"V2",63,0.3,"sp_2",0.5,"10.det.add.6",139
10,"det","add",1.5,6,"V3",51,0.2,"sp_3",0.5,"10.det.add.6",139
10,"det","add",1.5,6,"V4",42,0.1,"sp_4",0.5,"10.det.add.6",139
10,"det","add",1.5,6,"V5",35,0,"sp_5",0.5,"10.det.add.6",139
10,"det","add",1.5,6,"V6",26,0,"sp_6",0.5,"10.det.add.6",139
1,"det","sub",1.7,1,"V1",238,1,"sp_1",0.5,"1.det.sub.1",21
1,"det","sub",1.7,1,"V2",0,0.3,"sp_2",0.5,"1.det.sub.1",21
1,"det","sub",1.7,1,"V3",0,0.2,"sp_3",0.5,"1.det.sub.1",21
1,"det","sub",1.7,1,"V4",0,0.1,"sp_4",0.5,"1.det.sub.1",21
1,"det","sub",1.7,1,"V5",0,0,"sp_5",0.5,"1.det.sub.1",21
1,"det","sub",1.7,1,"V6",0,0,"sp_6",0.5,"1.det.sub.1",21
1,"det","sub",1.7,2,"V1",138,1,"sp_1",0.5,"1.det.sub.2",64
1,"det","sub",1.7,2,"V2",100,0.3,"sp_2",0.5,"1.det.sub.2",64
1,"det","sub",1.7,2,"V3",0,0.2,"sp_3",0.5,"1.det.sub.2",64
1,"det","sub",1.7,2,"V4",0,0.1,"sp_4",0.5,"1.det.sub.2",64
1,"det","sub",1.7,2,"V5",0,0,"sp_5",0.5,"1.det.sub.2",64
1,"det","sub",1.7,2,"V6",0,0,"sp_6",0.5,"1.det.sub.2",64
1,"det","sub",1.7,4,"V1",86,1,"sp_1",0.5,"1.det.sub.4",107
1,"det","sub",1.7,4,"V2",61,0.3,"sp_2",0.5,"1.det.sub.4",107
1,"det","sub",1.7,4,"V3",50,0.2,"sp_3",0.5,"1.det.sub.4",107
1,"det","sub",1.7,4,"V4",41,0.1,"sp_4",0.5,"1.det.sub.4",107
1,"det","sub",1.7,4,"V5",0,0,"sp_5",0.5,"1.det.sub.4",107
1,"det","sub",1.7,4,"V6",0,0,"sp_6",0.5,"1.det.sub.4",107
1,"det","sub",1.7,6,"V1",68,1,"sp_1",0.5,"1.det.sub.6",150
1,"det","sub",1.7,6,"V2",50,0.3,"sp_2",0.5,"1.det.sub.6",150
1,"det","sub",1.7,6,"V3",40,0.2,"sp_3",0.5,"1.det.sub.6",150
1,"det","sub",1.7,6,"V4",33,0.1,"sp_4",0.5,"1.det.sub.6",150
1,"det","sub",1.7,6,"V5",27,0,"sp_5",0.5,"1.det.sub.6",150
1,"det","sub",1.7,6,"V6",20,0,"sp_6",0.5,"1.det.sub.6",150
2,"det","sub",1.7,1,"V1",238,1,"sp_1",0.5,"2.det.sub.1",22
2,"det","sub",1.7,1,"V2",0,0.3,"sp_2",0.5,"2.det.sub.1",22
2,"det","sub",1.7,1,"V3",0,0.2,"sp_3",0.5,"2.det.sub.1",22
2,"det","sub",1.7,1,"V4",0,0.1,"sp_4",0.5,"2.det.sub.1",22
2,"det","sub",1.7,1,"V5",0,0,"sp_5",0.5,"2.det.sub.1",22
2,"det","sub",1.7,1,"V6",0,0,"sp_6",0.5,"2.det.sub.1",22
2,"det","sub",1.7,2,"V1",138,1,"sp_1",0.5,"2.det.sub.2",65
2,"det","sub",1.7,2,"V2",100,0.3,"sp_2",0.5,"2.det.sub.2",65
2,"det","sub",1.7,2,"V3",0,0.2,"sp_3",0.5,"2.det.sub.2",65
2,"det","sub",1.7,2,"V4",0,0.1,"sp_4",0.5,"2.det.sub.2",65
2,"det","sub",1.7,2,"V5",0,0,"sp_5",0.5,"2.det.sub.2",65
2,"det","sub",1.7,2,"V6",0,0,"sp_6",0.5,"2.det.sub.2",65
2,"det","sub",1.7,4,"V1",86,1,"sp_1",0.5,"2.det.sub.4",108
2,"det","sub",1.7,4,"V2",61,0.3,"sp_2",0.5,"2.det.sub.4",108
2,"det","sub",1.7,4,"V3",50,0.2,"sp_3",0.5,"2.det.sub.4",108
2,"det","sub",1.7,4,"V4",41,0.1,"sp_4",0.5,"2.det.sub.4",108
2,"det","sub",1.7,4,"V5",0,0,"sp_5",0.5,"2.det.sub.4",108
2,"det","sub",1.7,4,"V6",0,0,"sp_6",0.5,"2.det.sub.4",108
2,"det","sub",1.7,6,"V1",68,1,"sp_1",0.5,"2.det.sub.6",151
2,"det","sub",1.7,6,"V2",50,0.3,"sp_2",0.5,"2.det.sub.6",151
2,"det","sub",1.7,6,"V3",40,0.2,"sp_3",0.5,"2.det.sub.6",151
2,"det","sub",1.7,6,"V4",33,0.1,"sp_4",0.5,"2.det.sub.6",151
2,"det","sub",1.7,6,"V5",27,0,"sp_5",0.5,"2.det.sub.6",151
2,"det","sub",1.7,6,"V6",20,0,"sp_6",0.5,"2.det.sub.6",151
3,"det","sub",1.7,1,"V1",238,1,"sp_1",0.5,"3.det.sub.1",23
3,"det","sub",1.7,1,"V2",0,0.3,"sp_2",0.5,"3.det.sub.1",23
3,"det","sub",1.7,1,"V3",0,0.2,"sp_3",0.5,"3.det.sub.1",23
3,"det","sub",1.7,1,"V4",0,0.1,"sp_4",0.5,"3.det.sub.1",23
3,"det","sub",1.7,1,"V5",0,0,"sp_5",0.5,"3.det.sub.1",23
3,"det","sub",1.7,1,"V6",0,0,"sp_6",0.5,"3.det.sub.1",23
3,"det","sub",1.7,2,"V1",138,1,"sp_1",0.5,"3.det.sub.2",66
3,"det","sub",1.7,2,"V2",100,0.3,"sp_2",0.5,"3.det.sub.2",66
3,"det","sub",1.7,2,"V3",0,0.2,"sp_3",0.5,"3.det.sub.2",66
3,"det","sub",1.7,2,"V4",0,0.1,"sp_4",0.5,"3.det.sub.2",66
3,"det","sub",1.7,2,"V5",0,0,"sp_5",0.5,"3.det.sub.2",66
3,"det","sub",1.7,2,"V6",0,0,"sp_6",0.5,"3.det.sub.2",66
3,"det","sub",1.7,4,"V1",86,1,"sp_1",0.5,"3.det.sub.4",109
3,"det","sub",1.7,4,"V2",61,0.3,"sp_2",0.5,"3.det.sub.4",109
3,"det","sub",1.7,4,"V3",50,0.2,"sp_3",0.5,"3.det.sub.4",109
3,"det","sub",1.7,4,"V4",41,0.1,"sp_4",0.5,"3.det.sub.4",109
3,"det","sub",1.7,4,"V5",0,0,"sp_5",0.5,"3.det.sub.4",109
3,"det","sub",1.7,4,"V6",0,0,"sp_6",0.5,"3.det.sub.4",109
3,"det","sub",1.7,6,"V1",68,1,"sp_1",0.5,"3.det.sub.6",152
3,"det","sub",1.7,6,"V2",50,0.3,"sp_2",0.5,"3.det.sub.6",152
3,"det","sub",1.7,6,"V3",40,0.2,"sp_3",0.5,"3.det.sub.6",152
3,"det","sub",1.7,6,"V4",33,0.1,"sp_4",0.5,"3.det.sub.6",152
3,"det","sub",1.7,6,"V5",27,0,"sp_5",0.5,"3.det.sub.6",152
3,"det","sub",1.7,6,"V6",20,0,"sp_6",0.5,"3.det.sub.6",152
4,"det","sub",1.7,1,"V1",238,1,"sp_1",0.5,"4.det.sub.1",24
4,"det","sub",1.7,1,"V2",0,0.3,"sp_2",0.5,"4.det.sub.1",24
4,"det","sub",1.7,1,"V3",0,0.2,"sp_3",0.5,"4.det.sub.1",24
4,"det","sub",1.7,1,"V4",0,0.1,"sp_4",0.5,"4.det.sub.1",24
4,"det","sub",1.7,1,"V5",0,0,"sp_5",0.5,"4.det.sub.1",24
4,"det","sub",1.7,1,"V6",0,0,"sp_6",0.5,"4.det.sub.1",24
4,"det","sub",1.7,2,"V1",138,1,"sp_1",0.5,"4.det.sub.2",67
4,"det","sub",1.7,2,"V2",100,0.3,"sp_2",0.5,"4.det.sub.2",67
4,"det","sub",1.7,2,"V3",0,0.2,"sp_3",0.5,"4.det.sub.2",67
4,"det","sub",1.7,2,"V4",0,0.1,"sp_4",0.5,"4.det.sub.2",67
4,"det","sub",1.7,2,"V5",0,0,"sp_5",0.5,"4.det.sub.2",67
4,"det","sub",1.7,2,"V6",0,0,"sp_6",0.5,"4.det.sub.2",67
4,"det","sub",1.7,4,"V1",86,1,"sp_1",0.5,"4.det.sub.4",110
4,"det","sub",1.7,4,"V2",61,0.3,"sp_2",0.5,"4.det.sub.4",110
4,"det","sub",1.7,4,"V3",50,0.2,"sp_3",0.5,"4.det.sub.4",110
4,"det","sub",1.7,4,"V4",41,0.1,"sp_4",0.5,"4.det.sub.4",110
4,"det","sub",1.7,4,"V5",0,0,"sp_5",0.5,"4.det.sub.4",110
4,"det","sub",1.7,4,"V6",0,0,"sp_6",0.5,"4.det.sub.4",110
4,"det","sub",1.7,6,"V1",68,1,"sp_1",0.5,"4.det.sub.6",153
4,"det","sub",1.7,6,"V2",50,0.3,"sp_2",0.5,"4.det.sub.6",153
4,"det","sub",1.7,6,"V3",40,0.2,"sp_3",0.5,"4.det.sub.6",153
4,"det","sub",1.7,6,"V4",33,0.1,"sp_4",0.5,"4.det.sub.6",153
4,"det","sub",1.7,6,"V5",27,0,"sp_5",0.5,"4.det.sub.6",153
4,"det","sub",1.7,6,"V6",20,0,"sp_6",0.5,"4.det.sub.6",153
5,"det","sub",1.7,1,"V1",238,1,"sp_1",0.5,"5.det.sub.1",25
5,"det","sub",1.7,1,"V2",0,0.3,"sp_2",0.5,"5.det.sub.1",25
5,"det","sub",1.7,1,"V3",0,0.2,"sp_3",0.5,"5.det.sub.1",25
5,"det","sub",1.7,1,"V4",0,0.1,"sp_4",0.5,"5.det.sub.1",25
5,"det","sub",1.7,1,"V5",0,0,"sp_5",0.5,"5.det.sub.1",25
5,"det","sub",1.7,1,"V6",0,0,"sp_6",0.5,"5.det.sub.1",25
5,"det","sub",1.7,2,"V1",138,1,"sp_1",0.5,"5.det.sub.2",68
5,"det","sub",1.7,2,"V2",100,0.3,"sp_2",0.5,"5.det.sub.2",68
5,"det","sub",1.7,2,"V3",0,0.2,"sp_3",0.5,"5.det.sub.2",68
5,"det","sub",1.7,2,"V4",0,0.1,"sp_4",0.5,"5.det.sub.2",68
5,"det","sub",1.7,2,"V5",0,0,"sp_5",0.5,"5.det.sub.2",68
5,"det","sub",1.7,2,"V6",0,0,"sp_6",0.5,"5.det.sub.2",68
5,"det","sub",1.7,4,"V1",86,1,"sp_1",0.5,"5.det.sub.4",111
5,"det","sub",1.7,4,"V2",61,0.3,"sp_2",0.5,"5.det.sub.4",111
5,"det","sub",1.7,4,"V3",50,0.2,"sp_3",0.5,"5.det.sub.4",111
5,"det","sub",1.7,4,"V4",41,0.1,"sp_4",0.5,"5.det.sub.4",111
5,"det","sub",1.7,4,"V5",0,0,"sp_5",0.5,"5.det.sub.4",111
5,"det","sub",1.7,4,"V6",0,0,"sp_6",0.5,"5.det.sub.4",111
5,"det","sub",1.7,6,"V1",68,1,"sp_1",0.5,"5.det.sub.6",154
5,"det","sub",1.7,6,"V2",50,0.3,"sp_2",0.5,"5.det.sub.6",154
5,"det","sub",1.7,6,"V3",40,0.2,"sp_3",0.5,"5.det.sub.6",154
5,"det","sub",1.7,6,"V4",33,0.1,"sp_4",0.5,"5.det.sub.6",154
5,"det","sub",1.7,6,"V5",27,0,"sp_5",0.5,"5.det.sub.6",154
5,"det","sub",1.7,6,"V6",20,0,"sp_6",0.5,"5.det.sub.6",154
6,"det","sub",1.7,1,"V1",238,1,"sp_1",0.5,"6.det.sub.1",26
6,"det","sub",1.7,1,"V2",0,0.3,"sp_2",0.5,"6.det.sub.1",26
6,"det","sub",1.7,1,"V3",0,0.2,"sp_3",0.5,"6.det.sub.1",26
6,"det","sub",1.7,1,"V4",0,0.1,"sp_4",0.5,"6.det.sub.1",26
6,"det","sub",1.7,1,"V5",0,0,"sp_5",0.5,"6.det.sub.1",26
6,"det","sub",1.7,1,"V6",0,0,"sp_6",0.5,"6.det.sub.1",26
6,"det","sub",1.7,2,"V1",138,1,"sp_1",0.5,"6.det.sub.2",69
6,"det","sub",1.7,2,"V2",100,0.3,"sp_2",0.5,"6.det.sub.2",69
6,"det","sub",1.7,2,"V3",0,0.2,"sp_3",0.5,"6.det.sub.2",69
6,"det","sub",1.7,2,"V4",0,0.1,"sp_4",0.5,"6.det.sub.2",69
6,"det","sub",1.7,2,"V5",0,0,"sp_5",0.5,"6.det.sub.2",69
6,"det","sub",1.7,2,"V6",0,0,"sp_6",0.5,"6.det.sub.2",69
6,"det","sub",1.7,4,"V1",86,1,"sp_1",0.5,"6.det.sub.4",112
6,"det","sub",1.7,4,"V2",61,0.3,"sp_2",0.5,"6.det.sub.4",112
6,"det","sub",1.7,4,"V3",50,0.2,"sp_3",0.5,"6.det.sub.4",112
6,"det","sub",1.7,4,"V4",41,0.1,"sp_4",0.5,"6.det.sub.4",112
6,"det","sub",1.7,4,"V5",0,0,"sp_5",0.5,"6.det.sub.4",112
6,"det","sub",1.7,4,"V6",0,0,"sp_6",0.5,"6.det.sub.4",112
6,"det","sub",1.7,6,"V1",68,1,"sp_1",0.5,"6.det.sub.6",155
6,"det","sub",1.7,6,"V2",50,0.3,"sp_2",0.5,"6.det.sub.6",155
6,"det","sub",1.7,6,"V3",40,0.2,"sp_3",0.5,"6.det.sub.6",155
6,"det","sub",1.7,6,"V4",33,0.1,"sp_4",0.5,"6.det.sub.6",155
6,"det","sub",1.7,6,"V5",27,0,"sp_5",0.5,"6.det.sub.6",155
6,"det","sub",1.7,6,"V6",20,0,"sp_6",0.5,"6.det.sub.6",155
7,"det","sub",1.7,1,"V1",238,1,"sp_1",0.5,"7.det.sub.1",27
7,"det","sub",1.7,1,"V2",0,0.3,"sp_2",0.5,"7.det.sub.1",27
7,"det","sub",1.7,1,"V3",0,0.2,"sp_3",0.5,"7.det.sub.1",27
7,"det","sub",1.7,1,"V4",0,0.1,"sp_4",0.5,"7.det.sub.1",27
7,"det","sub",1.7,1,"V5",0,0,"sp_5",0.5,"7.det.sub.1",27
7,"det","sub",1.7,1,"V6",0,0,"sp_6",0.5,"7.det.sub.1",27
7,"det","sub",1.7,2,"V1",138,1,"sp_1",0.5,"7.det.sub.2",70
7,"det","sub",1.7,2,"V2",100,0.3,"sp_2",0.5,"7.det.sub.2",70
7,"det","sub",1.7,2,"V3",0,0.2,"sp_3",0.5,"7.det.sub.2",70
7,"det","sub",1.7,2,"V4",0,0.1,"sp_4",0.5,"7.det.sub.2",70
7,"det","sub",1.7,2,"V5",0,0,"sp_5",0.5,"7.det.sub.2",70
7,"det","sub",1.7,2,"V6",0,0,"sp_6",0.5,"7.det.sub.2",70
7,"det","sub",1.7,4,"V1",86,1,"sp_1",0.5,"7.det.sub.4",113
7,"det","sub",1.7,4,"V2",61,0.3,"sp_2",0.5,"7.det.sub.4",113
7,"det","sub",1.7,4,"V3",50,0.2,"sp_3",0.5,"7.det.sub.4",113
7,"det","sub",1.7,4,"V4",41,0.1,"sp_4",0.5,"7.det.sub.4",113
7,"det","sub",1.7,4,"V5",0,0,"sp_5",0.5,"7.det.sub.4",113
7,"det","sub",1.7,4,"V6",0,0,"sp_6",0.5,"7.det.sub.4",113
7,"det","sub",1.7,6,"V1",68,1,"sp_1",0.5,"7.det.sub.6",156
7,"det","sub",1.7,6,"V2",50,0.3,"sp_2",0.5,"7.det.sub.6",156
7,"det","sub",1.7,6,"V3",40,0.2,"sp_3",0.5,"7.det.sub.6",156
7,"det","sub",1.7,6,"V4",33,0.1,"sp_4",0.5,"7.det.sub.6",156
7,"det","sub",1.7,6,"V5",27,0,"sp_5",0.5,"7.det.sub.6",156
7,"det","sub",1.7,6,"V6",20,0,"sp_6",0.5,"7.det.sub.6",156
8,"det","sub",1.7,1,"V1",238,1,"sp_1",0.5,"8.det.sub.1",28
8,"det","sub",1.7,1,"V2",0,0.3,"sp_2",0.5,"8.det.sub.1",28
8,"det","sub",1.7,1,"V3",0,0.2,"sp_3",0.5,"8.det.sub.1",28
8,"det","sub",1.7,1,"V4",0,0.1,"sp_4",0.5,"8.det.sub.1",28
8,"det","sub",1.7,1,"V5",0,0,"sp_5",0.5,"8.det.sub.1",28
8,"det","sub",1.7,1,"V6",0,0,"sp_6",0.5,"8.det.sub.1",28
8,"det","sub",1.7,2,"V1",138,1,"sp_1",0.5,"8.det.sub.2",71
8,"det","sub",1.7,2,"V2",100,0.3,"sp_2",0.5,"8.det.sub.2",71
8,"det","sub",1.7,2,"V3",0,0.2,"sp_3",0.5,"8.det.sub.2",71
8,"det","sub",1.7,2,"V4",0,0.1,"sp_4",0.5,"8.det.sub.2",71
8,"det","sub",1.7,2,"V5",0,0,"sp_5",0.5,"8.det.sub.2",71
8,"det","sub",1.7,2,"V6",0,0,"sp_6",0.5,"8.det.sub.2",71
8,"det","sub",1.7,4,"V1",86,1,"sp_1",0.5,"8.det.sub.4",114
8,"det","sub",1.7,4,"V2",61,0.3,"sp_2",0.5,"8.det.sub.4",114
8,"det","sub",1.7,4,"V3",50,0.2,"sp_3",0.5,"8.det.sub.4",114
8,"det","sub",1.7,4,"V4",41,0.1,"sp_4",0.5,"8.det.sub.4",114
8,"det","sub",1.7,4,"V5",0,0,"sp_5",0.5,"8.det.sub.4",114
8,"det","sub",1.7,4,"V6",0,0,"sp_6",0.5,"8.det.sub.4",114
8,"det","sub",1.7,6,"V1",68,1,"sp_1",0.5,"8.det.sub.6",157
8,"det","sub",1.7,6,"V2",50,0.3,"sp_2",0.5,"8.det.sub.6",157
8,"det","sub",1.7,6,"V3",40,0.2,"sp_3",0.5,"8.det.sub.6",157
8,"det","sub",1.7,6,"V4",33,0.1,"sp_4",0.5,"8.det.sub.6",157
8,"det","sub",1.7,6,"V5",27,0,"sp_5",0.5,"8.det.sub.6",157
8,"det","sub",1.7,6,"V6",20,0,"sp_6",0.5,"8.det.sub.6",157
9,"det","sub",1.7,1,"V1",238,1,"sp_1",0.5,"9.det.sub.1",29
9,"det","sub",1.7,1,"V2",0,0.3,"sp_2",0.5,"9.det.sub.1",29
9,"det","sub",1.7,1,"V3",0,0.2,"sp_3",0.5,"9.det.sub.1",29
9,"det","sub",1.7,1,"V4",0,0.1,"sp_4",0.5,"9.det.sub.1",29
9,"det","sub",1.7,1,"V5",0,0,"sp_5",0.5,"9.det.sub.1",29
9,"det","sub",1.7,1,"V6",0,0,"sp_6",0.5,"9.det.sub.1",29
9,"det","sub",1.7,2,"V1",138,1,"sp_1",0.5,"9.det.sub.2",72
9,"det","sub",1.7,2,"V2",100,0.3,"sp_2",0.5,"9.det.sub.2",72
9,"det","sub",1.7,2,"V3",0,0.2,"sp_3",0.5,"9.det.sub.2",72
9,"det","sub",1.7,2,"V4",0,0.1,"sp_4",0.5,"9.det.sub.2",72
9,"det","sub",1.7,2,"V5",0,0,"sp_5",0.5,"9.det.sub.2",72
9,"det","sub",1.7,2,"V6",0,0,"sp_6",0.5,"9.det.sub.2",72
9,"det","sub",1.7,4,"V1",86,1,"sp_1",0.5,"9.det.sub.4",115
9,"det","sub",1.7,4,"V2",61,0.3,"sp_2",0.5,"9.det.sub.4",115
9,"det","sub",1.7,4,"V3",50,0.2,"sp_3",0.5,"9.det.sub.4",115
9,"det","sub",1.7,4,"V4",41,0.1,"sp_4",0.5,"9.det.sub.4",115
9,"det","sub",1.7,4,"V5",0,0,"sp_5",0.5,"9.det.sub.4",115
9,"det","sub",1.7,4,"V6",0,0,"sp_6",0.5,"9.det.sub.4",115
9,"det","sub",1.7,6,"V1",68,1,"sp_1",0.5,"9.det.sub.6",158
9,"det","sub",1.7,6,"V2",50,0.3,"sp_2",0.5,"9.det.sub.6",158
9,"det","sub",1.7,6,"V3",40,0.2,"sp_3",0.5,"9.det.sub.6",158
9,"det","sub",1.7,6,"V4",33,0.1,"sp_4",0.5,"9.det.sub.6",158
9,"det","sub",1.7,6,"V5",27,0,"sp_5",0.5,"9.det.sub.6",158
9,"det","sub",1.7,6,"V6",20,0,"sp_6",0.5,"9.det.sub.6",158
10,"det","sub",1.7,1,"V1",238,1,"sp_1",0.5,"10.det.sub.1",30
10,"det","sub",1.7,1,"V2",0,0.3,"sp_2",0.5,"10.det.sub.1",30
10,"det","sub",1.7,1,"V3",0,0.2,"sp_3",0.5,"10.det.sub.1",30
10,"det","sub",1.7,1,"V4",0,0.1,"sp_4",0.5,"10.det.sub.1",30
10,"det","sub",1.7,1,"V5",0,0,"sp_5",0.5,"10.det.sub.1",30
10,"det","sub",1.7,1,"V6",0,0,"sp_6",0.5,"10.det.sub.1",30
10,"det","sub",1.7,2,"V1",138,1,"sp_1",0.5,"10.det.sub.2",73
10,"det","sub",1.7,2,"V2",100,0.3,"sp_2",0.5,"10.det.sub.2",73
10,"det","sub",1.7,2,"V3",0,0.2,"sp_3",0.5,"10.det.sub.2",73
10,"det","sub",1.7,2,"V4",0,0.1,"sp_4",0.5,"10.det.sub.2",73
10,"det","sub",1.7,2,"V5",0,0,"sp_5",0.5,"10.det.sub.2",73
10,"det","sub",1.7,2,"V6",0,0,"sp_6",0.5,"10.det.sub.2",73
10,"det","sub",1.7,4,"V1",86,1,"sp_1",0.5,"10.det.sub.4",116
10,"det","sub",1.7,4,"V2",61,0.3,"sp_2",0.5,"10.det.sub.4",116
10,"det","sub",1.7,4,"V3",50,0.2,"sp_3",0.5,"10.det.sub.4",116
10,"det","sub",1.7,4,"V4",41,0.1,"sp_4",0.5,"10.det.sub.4",116
10,"det","sub",1.7,4,"V5",0,0,"sp_5",0.5,"10.det.sub.4",116
10,"det","sub",1.7,4,"V6",0,0,"sp_6",0.5,"10.det.sub.4",116
10,"det","sub",1.7,6,"V1",68,1,"sp_1",0.5,"10.det.sub.6",159
10,"det","sub",1.7,6,"V2",50,0.3,"sp_2",0.5,"10.det.sub.6",159
10,"det","sub",1.7,6,"V3",40,0.2,"sp_3",0.5,"10.det.sub.6",159
10,"det","sub",1.7,6,"V4",33,0.1,"sp_4",0.5,"10.det.sub.6",159
10,"det","sub",1.7,6,"V5",27,0,"sp_5",0.5,"10.det.sub.6",159
10,"det","sub",1.7,6,"V6",20,0,"sp_6",0.5,"10.det.sub.6",159
1,"stoch","add",2.8,1,"V1",85,1,"sp_1",0.5,"1.stoch.add.1",11
1,"stoch","add",2.8,1,"V2",0,0.2,"sp_3",0.5,"1.stoch.add.1",11
1,"stoch","add",2.8,1,"V3",0,0.1,"sp_4",0.5,"1.stoch.add.1",11
1,"stoch","add",2.8,1,"V4",0,0,"sp_5",0.5,"1.stoch.add.1",11
1,"stoch","add",2.8,1,"V5",0,0.3,"sp_2",0.5,"1.stoch.add.1",11
1,"stoch","add",2.8,1,"V6",0,0,"sp_6",0.5,"1.stoch.add.1",11
1,"stoch","add",2.1,2,"V1",89,1,"sp_1",0.5,"1.stoch.add.2",54
1,"stoch","add",2.1,2,"V2",65,0.2,"sp_3",0.5,"1.stoch.add.2",54
1,"stoch","add",2.1,2,"V3",0,0.1,"sp_4",0.5,"1.stoch.add.2",54
1,"stoch","add",2.1,2,"V4",0,0,"sp_5",0.5,"1.stoch.add.2",54
1,"stoch","add",2.1,2,"V5",0,0.3,"sp_2",0.5,"1.stoch.add.2",54
1,"stoch","add",2.1,2,"V6",0,0,"sp_6",0.5,"1.stoch.add.2",54
1,"stoch","add",1.7,4,"V1",86,1,"sp_1",0.5,"1.stoch.add.4",97
1,"stoch","add",1.7,4,"V2",61,0.2,"sp_3",0.5,"1.stoch.add.4",97
1,"stoch","add",1.7,4,"V3",50,0.1,"sp_4",0.5,"1.stoch.add.4",97
1,"stoch","add",1.7,4,"V4",41,0,"sp_5",0.5,"1.stoch.add.4",97
1,"stoch","add",1.7,4,"V5",0,0.3,"sp_2",0.5,"1.stoch.add.4",97
1,"stoch","add",1.7,4,"V6",0,0,"sp_6",0.5,"1.stoch.add.4",97
1,"stoch","add",1.5,6,"V1",87,1,"sp_1",0.5,"1.stoch.add.6",140
1,"stoch","add",1.5,6,"V2",63,0.2,"sp_3",0.5,"1.stoch.add.6",140
1,"stoch","add",1.5,6,"V3",51,0.1,"sp_4",0.5,"1.stoch.add.6",140
1,"stoch","add",1.5,6,"V4",42,0,"sp_5",0.5,"1.stoch.add.6",140
1,"stoch","add",1.5,6,"V5",35,0.3,"sp_2",0.5,"1.stoch.add.6",140
1,"stoch","add",1.5,6,"V6",26,0,"sp_6",0.5,"1.stoch.add.6",140
2,"stoch","add",2.8,1,"V1",85,0.3,"sp_2",0.5,"2.stoch.add.1",12
2,"stoch","add",2.8,1,"V2",0,0,"sp_6",0.5,"2.stoch.add.1",12
2,"stoch","add",2.8,1,"V3",0,0.1,"sp_4",0.5,"2.stoch.add.1",12
2,"stoch","add",2.8,1,"V4",0,0.2,"sp_3",0.5,"2.stoch.add.1",12
2,"stoch","add",2.8,1,"V5",0,1,"sp_1",0.5,"2.stoch.add.1",12
2,"stoch","add",2.8,1,"V6",0,0,"sp_5",0.5,"2.stoch.add.1",12
2,"stoch","add",2.1,2,"V1",89,0.3,"sp_2",0.5,"2.stoch.add.2",55
2,"stoch","add",2.1,2,"V2",65,0,"sp_6",0.5,"2.stoch.add.2",55
2,"stoch","add",2.1,2,"V3",0,0.1,"sp_4",0.5,"2.stoch.add.2",55
2,"stoch","add",2.1,2,"V4",0,0.2,"sp_3",0.5,"2.stoch.add.2",55
2,"stoch","add",2.1,2,"V5",0,1,"sp_1",0.5,"2.stoch.add.2",55
2,"stoch","add",2.1,2,"V6",0,0,"sp_5",0.5,"2.stoch.add.2",55
2,"stoch","add",1.7,4,"V1",86,0.3,"sp_2",0.5,"2.stoch.add.4",98
2,"stoch","add",1.7,4,"V2",61,0,"sp_6",0.5,"2.stoch.add.4",98
2,"stoch","add",1.7,4,"V3",50,0.1,"sp_4",0.5,"2.stoch.add.4",98
2,"stoch","add",1.7,4,"V4",41,0.2,"sp_3",0.5,"2.stoch.add.4",98
2,"stoch","add",1.7,4,"V5",0,1,"sp_1",0.5,"2.stoch.add.4",98
2,"stoch","add",1.7,4,"V6",0,0,"sp_5",0.5,"2.stoch.add.4",98
2,"stoch","add",1.5,6,"V1",87,0.3,"sp_2",0.5,"2.stoch.add.6",141
2,"stoch","add",1.5,6,"V2",63,0,"sp_6",0.5,"2.stoch.add.6",141
2,"stoch","add",1.5,6,"V3",51,0.1,"sp_4",0.5,"2.stoch.add.6",141
2,"stoch","add",1.5,6,"V4",42,0.2,"sp_3",0.5,"2.stoch.add.6",141
2,"stoch","add",1.5,6,"V5",35,1,"sp_1",0.5,"2.stoch.add.6",141
2,"stoch","add",1.5,6,"V6",26,0,"sp_5",0.5,"2.stoch.add.6",141
3,"stoch","add",2.8,1,"V1",85,0.2,"sp_3",0.5,"3.stoch.add.1",13
3,"stoch","add",2.8,1,"V2",0,1,"sp_1",0.5,"3.stoch.add.1",13
3,"stoch","add",2.8,1,"V3",0,0.1,"sp_4",0.5,"3.stoch.add.1",13
3,"stoch","add",2.8,1,"V4",0,0.3,"sp_2",0.5,"3.stoch.add.1",13
3,"stoch","add",2.8,1,"V5",0,0,"sp_5",0.5,"3.stoch.add.1",13
3,"stoch","add",2.8,1,"V6",0,0,"sp_6",0.5,"3.stoch.add.1",13
3,"stoch","add",2.1,2,"V1",89,0.2,"sp_3",0.5,"3.stoch.add.2",56
3,"stoch","add",2.1,2,"V2",65,1,"sp_1",0.5,"3.stoch.add.2",56
3,"stoch","add",2.1,2,"V3",0,0.1,"sp_4",0.5,"3.stoch.add.2",56
3,"stoch","add",2.1,2,"V4",0,0.3,"sp_2",0.5,"3.stoch.add.2",56
3,"stoch","add",2.1,2,"V5",0,0,"sp_5",0.5,"3.stoch.add.2",56
3,"stoch","add",2.1,2,"V6",0,0,"sp_6",0.5,"3.stoch.add.2",56
3,"stoch","add",1.7,4,"V1",86,0.2,"sp_3",0.5,"3.stoch.add.4",99
3,"stoch","add",1.7,4,"V2",61,1,"sp_1",0.5,"3.stoch.add.4",99
3,"stoch","add",1.7,4,"V3",50,0.1,"sp_4",0.5,"3.stoch.add.4",99
3,"stoch","add",1.7,4,"V4",41,0.3,"sp_2",0.5,"3.stoch.add.4",99
3,"stoch","add",1.7,4,"V5",0,0,"sp_5",0.5,"3.stoch.add.4",99
3,"stoch","add",1.7,4,"V6",0,0,"sp_6",0.5,"3.stoch.add.4",99
3,"stoch","add",1.5,6,"V1",87,0.2,"sp_3",0.5,"3.stoch.add.6",142
3,"stoch","add",1.5,6,"V2",63,1,"sp_1",0.5,"3.stoch.add.6",142
3,"stoch","add",1.5,6,"V3",51,0.1,"sp_4",0.5,"3.stoch.add.6",142
3,"stoch","add",1.5,6,"V4",42,0.3,"sp_2",0.5,"3.stoch.add.6",142
3,"stoch","add",1.5,6,"V5",35,0,"sp_5",0.5,"3.stoch.add.6",142
3,"stoch","add",1.5,6,"V6",26,0,"sp_6",0.5,"3.stoch.add.6",142
4,"stoch","add",2.8,1,"V1",85,0.1,"sp_4",0.5,"4.stoch.add.1",14
4,"stoch","add",2.8,1,"V2",0,0,"sp_5",0.5,"4.stoch.add.1",14
4,"stoch","add",2.8,1,"V3",0,0,"sp_6",0.5,"4.stoch.add.1",14
4,"stoch","add",2.8,1,"V4",0,0.3,"sp_2",0.5,"4.stoch.add.1",14
4,"stoch","add",2.8,1,"V5",0,0.2,"sp_3",0.5,"4.stoch.add.1",14
4,"stoch","add",2.8,1,"V6",0,1,"sp_1",0.5,"4.stoch.add.1",14
4,"stoch","add",2.1,2,"V1",89,0.1,"sp_4",0.5,"4.stoch.add.2",57
4,"stoch","add",2.1,2,"V2",65,0,"sp_5",0.5,"4.stoch.add.2",57
4,"stoch","add",2.1,2,"V3",0,0,"sp_6",0.5,"4.stoch.add.2",57
4,"stoch","add",2.1,2,"V4",0,0.3,"sp_2",0.5,"4.stoch.add.2",57
4,"stoch","add",2.1,2,"V5",0,0.2,"sp_3",0.5,"4.stoch.add.2",57
4,"stoch","add",2.1,2,"V6",0,1,"sp_1",0.5,"4.stoch.add.2",57
4,"stoch","add",1.7,4,"V1",86,0.1,"sp_4",0.5,"4.stoch.add.4",100
4,"stoch","add",1.7,4,"V2",61,0,"sp_5",0.5,"4.stoch.add.4",100
4,"stoch","add",1.7,4,"V3",50,0,"sp_6",0.5,"4.stoch.add.4",100
4,"stoch","add",1.7,4,"V4",41,0.3,"sp_2",0.5,"4.stoch.add.4",100
4,"stoch","add",1.7,4,"V5",0,0.2,"sp_3",0.5,"4.stoch.add.4",100
4,"stoch","add",1.7,4,"V6",0,1,"sp_1",0.5,"4.stoch.add.4",100
4,"stoch","add",1.5,6,"V1",87,0.1,"sp_4",0.5,"4.stoch.add.6",143
4,"stoch","add",1.5,6,"V2",63,0,"sp_5",0.5,"4.stoch.add.6",143
4,"stoch","add",1.5,6,"V3",51,0,"sp_6",0.5,"4.stoch.add.6",143
4,"stoch","add",1.5,6,"V4",42,0.3,"sp_2",0.5,"4.stoch.add.6",143
4,"stoch","add",1.5,6,"V5",35,0.2,"sp_3",0.5,"4.stoch.add.6",143
4,"stoch","add",1.5,6,"V6",26,1,"sp_1",0.5,"4.stoch.add.6",143
5,"stoch","add",2.8,1,"V1",85,0,"sp_5",0.5,"5.stoch.add.1",15
5,"stoch","add",2.8,1,"V2",0,0.3,"sp_2",0.5,"5.stoch.add.1",15
5,"stoch","add",2.8,1,"V3",0,0.2,"sp_3",0.5,"5.stoch.add.1",15
5,"stoch","add",2.8,1,"V4",0,1,"sp_1",0.5,"5.stoch.add.1",15
5,"stoch","add",2.8,1,"V5",0,0.1,"sp_4",0.5,"5.stoch.add.1",15
5,"stoch","add",2.8,1,"V6",0,0,"sp_6",0.5,"5.stoch.add.1",15
5,"stoch","add",2.1,2,"V1",89,0,"sp_5",0.5,"5.stoch.add.2",58
5,"stoch","add",2.1,2,"V2",65,0.3,"sp_2",0.5,"5.stoch.add.2",58
5,"stoch","add",2.1,2,"V3",0,0.2,"sp_3",0.5,"5.stoch.add.2",58
5,"stoch","add",2.1,2,"V4",0,1,"sp_1",0.5,"5.stoch.add.2",58
5,"stoch","add",2.1,2,"V5",0,0.1,"sp_4",0.5,"5.stoch.add.2",58
5,"stoch","add",2.1,2,"V6",0,0,"sp_6",0.5,"5.stoch.add.2",58
5,"stoch","add",1.7,4,"V1",86,0,"sp_5",0.5,"5.stoch.add.4",101
5,"stoch","add",1.7,4,"V2",61,0.3,"sp_2",0.5,"5.stoch.add.4",101
5,"stoch","add",1.7,4,"V3",50,0.2,"sp_3",0.5,"5.stoch.add.4",101
5,"stoch","add",1.7,4,"V4",41,1,"sp_1",0.5,"5.stoch.add.4",101
5,"stoch","add",1.7,4,"V5",0,0.1,"sp_4",0.5,"5.stoch.add.4",101
5,"stoch","add",1.7,4,"V6",0,0,"sp_6",0.5,"5.stoch.add.4",101
5,"stoch","add",1.5,6,"V1",87,0,"sp_5",0.5,"5.stoch.add.6",144
5,"stoch","add",1.5,6,"V2",63,0.3,"sp_2",0.5,"5.stoch.add.6",144
5,"stoch","add",1.5,6,"V3",51,0.2,"sp_3",0.5,"5.stoch.add.6",144
5,"stoch","add",1.5,6,"V4",42,1,"sp_1",0.5,"5.stoch.add.6",144
5,"stoch","add",1.5,6,"V5",35,0.1,"sp_4",0.5,"5.stoch.add.6",144
5,"stoch","add",1.5,6,"V6",26,0,"sp_6",0.5,"5.stoch.add.6",144
6,"stoch","add",2.8,1,"V1",85,0,"sp_6",0.5,"6.stoch.add.1",16
6,"stoch","add",2.8,1,"V2",0,1,"sp_1",0.5,"6.stoch.add.1",16
6,"stoch","add",2.8,1,"V3",0,0.3,"sp_2",0.5,"6.stoch.add.1",16
6,"stoch","add",2.8,1,"V4",0,0.2,"sp_3",0.5,"6.stoch.add.1",16
6,"stoch","add",2.8,1,"V5",0,0,"sp_5",0.5,"6.stoch.add.1",16
6,"stoch","add",2.8,1,"V6",0,0.1,"sp_4",0.5,"6.stoch.add.1",16
6,"stoch","add",2.1,2,"V1",89,0,"sp_6",0.5,"6.stoch.add.2",59
6,"stoch","add",2.1,2,"V2",65,1,"sp_1",0.5,"6.stoch.add.2",59
6,"stoch","add",2.1,2,"V3",0,0.3,"sp_2",0.5,"6.stoch.add.2",59
6,"stoch","add",2.1,2,"V4",0,0.2,"sp_3",0.5,"6.stoch.add.2",59
6,"stoch","add",2.1,2,"V5",0,0,"sp_5",0.5,"6.stoch.add.2",59
6,"stoch","add",2.1,2,"V6",0,0.1,"sp_4",0.5,"6.stoch.add.2",59
6,"stoch","add",1.7,4,"V1",86,0,"sp_6",0.5,"6.stoch.add.4",102
6,"stoch","add",1.7,4,"V2",61,1,"sp_1",0.5,"6.stoch.add.4",102
6,"stoch","add",1.7,4,"V3",50,0.3,"sp_2",0.5,"6.stoch.add.4",102
6,"stoch","add",1.7,4,"V4",41,0.2,"sp_3",0.5,"6.stoch.add.4",102
6,"stoch","add",1.7,4,"V5",0,0,"sp_5",0.5,"6.stoch.add.4",102
6,"stoch","add",1.7,4,"V6",0,0.1,"sp_4",0.5,"6.stoch.add.4",102
6,"stoch","add",1.5,6,"V1",87,0,"sp_6",0.5,"6.stoch.add.6",145
6,"stoch","add",1.5,6,"V2",63,1,"sp_1",0.5,"6.stoch.add.6",145
6,"stoch","add",1.5,6,"V3",51,0.3,"sp_2",0.5,"6.stoch.add.6",145
6,"stoch","add",1.5,6,"V4",42,0.2,"sp_3",0.5,"6.stoch.add.6",145
6,"stoch","add",1.5,6,"V5",35,0,"sp_5",0.5,"6.stoch.add.6",145
6,"stoch","add",1.5,6,"V6",26,0.1,"sp_4",0.5,"6.stoch.add.6",145
7,"stoch","add",2.8,1,"V1",85,1,"sp_1",0.5,"7.stoch.add.1",17
7,"stoch","add",2.8,1,"V2",0,0.1,"sp_4",0.5,"7.stoch.add.1",17
7,"stoch","add",2.8,1,"V3",0,0.2,"sp_3",0.5,"7.stoch.add.1",17
7,"stoch","add",2.8,1,"V4",0,0.3,"sp_2",0.5,"7.stoch.add.1",17
7,"stoch","add",2.8,1,"V5",0,0,"sp_5",0.5,"7.stoch.add.1",17
7,"stoch","add",2.8,1,"V6",0,0,"sp_6",0.5,"7.stoch.add.1",17
7,"stoch","add",2.1,2,"V1",89,1,"sp_1",0.5,"7.stoch.add.2",60
7,"stoch","add",2.1,2,"V2",65,0.1,"sp_4",0.5,"7.stoch.add.2",60
7,"stoch","add",2.1,2,"V3",0,0.2,"sp_3",0.5,"7.stoch.add.2",60
7,"stoch","add",2.1,2,"V4",0,0.3,"sp_2",0.5,"7.stoch.add.2",60
7,"stoch","add",2.1,2,"V5",0,0,"sp_5",0.5,"7.stoch.add.2",60
7,"stoch","add",2.1,2,"V6",0,0,"sp_6",0.5,"7.stoch.add.2",60
7,"stoch","add",1.7,4,"V1",86,1,"sp_1",0.5,"7.stoch.add.4",103
7,"stoch","add",1.7,4,"V2",61,0.1,"sp_4",0.5,"7.stoch.add.4",103
7,"stoch","add",1.7,4,"V3",50,0.2,"sp_3",0.5,"7.stoch.add.4",103
7,"stoch","add",1.7,4,"V4",41,0.3,"sp_2",0.5,"7.stoch.add.4",103
7,"stoch","add",1.7,4,"V5",0,0,"sp_5",0.5,"7.stoch.add.4",103
7,"stoch","add",1.7,4,"V6",0,0,"sp_6",0.5,"7.stoch.add.4",103
7,"stoch","add",1.5,6,"V1",87,1,"sp_1",0.5,"7.stoch.add.6",146
7,"stoch","add",1.5,6,"V2",63,0.1,"sp_4",0.5,"7.stoch.add.6",146
7,"stoch","add",1.5,6,"V3",51,0.2,"sp_3",0.5,"7.stoch.add.6",146
7,"stoch","add",1.5,6,"V4",42,0.3,"sp_2",0.5,"7.stoch.add.6",146
7,"stoch","add",1.5,6,"V5",35,0,"sp_5",0.5,"7.stoch.add.6",146
7,"stoch","add",1.5,6,"V6",26,0,"sp_6",0.5,"7.stoch.add.6",146
8,"stoch","add",2.8,1,"V1",85,0.3,"sp_2",0.5,"8.stoch.add.1",18
8,"stoch","add",2.8,1,"V2",0,0,"sp_5",0.5,"8.stoch.add.1",18
8,"stoch","add",2.8,1,"V3",0,1,"sp_1",0.5,"8.stoch.add.1",18
8,"stoch","add",2.8,1,"V4",0,0.1,"sp_4",0.5,"8.stoch.add.1",18
8,"stoch","add",2.8,1,"V5",0,0,"sp_6",0.5,"8.stoch.add.1",18
8,"stoch","add",2.8,1,"V6",0,0.2,"sp_3",0.5,"8.stoch.add.1",18
8,"stoch","add",2.1,2,"V1",89,0.3,"sp_2",0.5,"8.stoch.add.2",61
8,"stoch","add",2.1,2,"V2",65,0,"sp_5",0.5,"8.stoch.add.2",61
8,"stoch","add",2.1,2,"V3",0,1,"sp_1",0.5,"8.stoch.add.2",61
8,"stoch","add",2.1,2,"V4",0,0.1,"sp_4",0.5,"8.stoch.add.2",61
8,"stoch","add",2.1,2,"V5",0,0,"sp_6",0.5,"8.stoch.add.2",61
8,"stoch","add",2.1,2,"V6",0,0.2,"sp_3",0.5,"8.stoch.add.2",61
8,"stoch","add",1.7,4,"V1",86,0.3,"sp_2",0.5,"8.stoch.add.4",104
8,"stoch","add",1.7,4,"V2",61,0,"sp_5",0.5,"8.stoch.add.4",104
8,"stoch","add",1.7,4,"V3",50,1,"sp_1",0.5,"8.stoch.add.4",104
8,"stoch","add",1.7,4,"V4",41,0.1,"sp_4",0.5,"8.stoch.add.4",104
8,"stoch","add",1.7,4,"V5",0,0,"sp_6",0.5,"8.stoch.add.4",104
8,"stoch","add",1.7,4,"V6",0,0.2,"sp_3",0.5,"8.stoch.add.4",104
8,"stoch","add",1.5,6,"V1",87,0.3,"sp_2",0.5,"8.stoch.add.6",147
8,"stoch","add",1.5,6,"V2",63,0,"sp_5",0.5,"8.stoch.add.6",147
8,"stoch","add",1.5,6,"V3",51,1,"sp_1",0.5,"8.stoch.add.6",147
8,"stoch","add",1.5,6,"V4",42,0.1,"sp_4",0.5,"8.stoch.add.6",147
8,"stoch","add",1.5,6,"V5",35,0,"sp_6",0.5,"8.stoch.add.6",147
8,"stoch","add",1.5,6,"V6",26,0.2,"sp_3",0.5,"8.stoch.add.6",147
9,"stoch","add",2.8,1,"V1",85,0.2,"sp_3",0.5,"9.stoch.add.1",19
9,"stoch","add",2.8,1,"V2",0,0,"sp_5",0.5,"9.stoch.add.1",19
9,"stoch","add",2.8,1,"V3",0,0,"sp_6",0.5,"9.stoch.add.1",19
9,"stoch","add",2.8,1,"V4",0,0.3,"sp_2",0.5,"9.stoch.add.1",19
9,"stoch","add",2.8,1,"V5",0,0.1,"sp_4",0.5,"9.stoch.add.1",19
9,"stoch","add",2.8,1,"V6",0,1,"sp_1",0.5,"9.stoch.add.1",19
9,"stoch","add",2.1,2,"V1",89,0.2,"sp_3",0.5,"9.stoch.add.2",62
9,"stoch","add",2.1,2,"V2",65,0,"sp_5",0.5,"9.stoch.add.2",62
9,"stoch","add",2.1,2,"V3",0,0,"sp_6",0.5,"9.stoch.add.2",62
9,"stoch","add",2.1,2,"V4",0,0.3,"sp_2",0.5,"9.stoch.add.2",62
9,"stoch","add",2.1,2,"V5",0,0.1,"sp_4",0.5,"9.stoch.add.2",62
9,"stoch","add",2.1,2,"V6",0,1,"sp_1",0.5,"9.stoch.add.2",62
9,"stoch","add",1.7,4,"V1",86,0.2,"sp_3",0.5,"9.stoch.add.4",105
9,"stoch","add",1.7,4,"V2",61,0,"sp_5",0.5,"9.stoch.add.4",105
9,"stoch","add",1.7,4,"V3",50,0,"sp_6",0.5,"9.stoch.add.4",105
9,"stoch","add",1.7,4,"V4",41,0.3,"sp_2",0.5,"9.stoch.add.4",105
9,"stoch","add",1.7,4,"V5",0,0.1,"sp_4",0.5,"9.stoch.add.4",105
9,"stoch","add",1.7,4,"V6",0,1,"sp_1",0.5,"9.stoch.add.4",105
9,"stoch","add",1.5,6,"V1",87,0.2,"sp_3",0.5,"9.stoch.add.6",148
9,"stoch","add",1.5,6,"V2",63,0,"sp_5",0.5,"9.stoch.add.6",148
9,"stoch","add",1.5,6,"V3",51,0,"sp_6",0.5,"9.stoch.add.6",148
9,"stoch","add",1.5,6,"V4",42,0.3,"sp_2",0.5,"9.stoch.add.6",148
9,"stoch","add",1.5,6,"V5",35,0.1,"sp_4",0.5,"9.stoch.add.6",148
9,"stoch","add",1.5,6,"V6",26,1,"sp_1",0.5,"9.stoch.add.6",148
10,"stoch","add",2.8,1,"V1",85,0.1,"sp_4",0.5,"10.stoch.add.1",20
10,"stoch","add",2.8,1,"V2",0,1,"sp_1",0.5,"10.stoch.add.1",20
10,"stoch","add",2.8,1,"V3",0,0.3,"sp_2",0.5,"10.stoch.add.1",20
10,"stoch","add",2.8,1,"V4",0,0.2,"sp_3",0.5,"10.stoch.add.1",20
10,"stoch","add",2.8,1,"V5",0,0,"sp_5",0.5,"10.stoch.add.1",20
10,"stoch","add",2.8,1,"V6",0,0,"sp_6",0.5,"10.stoch.add.1",20
10,"stoch","add",2.1,2,"V1",89,0.1,"sp_4",0.5,"10.stoch.add.2",63
10,"stoch","add",2.1,2,"V2",65,1,"sp_1",0.5,"10.stoch.add.2",63
10,"stoch","add",2.1,2,"V3",0,0.3,"sp_2",0.5,"10.stoch.add.2",63
10,"stoch","add",2.1,2,"V4",0,0.2,"sp_3",0.5,"10.stoch.add.2",63
10,"stoch","add",2.1,2,"V5",0,0,"sp_5",0.5,"10.stoch.add.2",63
10,"stoch","add",2.1,2,"V6",0,0,"sp_6",0.5,"10.stoch.add.2",63
10,"stoch","add",1.7,4,"V1",86,0.1,"sp_4",0.5,"10.stoch.add.4",106
10,"stoch","add",1.7,4,"V2",61,1,"sp_1",0.5,"10.stoch.add.4",106
10,"stoch","add",1.7,4,"V3",50,0.3,"sp_2",0.5,"10.stoch.add.4",106
10,"stoch","add",1.7,4,"V4",41,0.2,"sp_3",0.5,"10.stoch.add.4",106
10,"stoch","add",1.7,4,"V5",0,0,"sp_5",0.5,"10.stoch.add.4",106
10,"stoch","add",1.7,4,"V6",0,0,"sp_6",0.5,"10.stoch.add.4",106
10,"stoch","add",1.5,6,"V1",87,0.1,"sp_4",0.5,"10.stoch.add.6",149
10,"stoch","add",1.5,6,"V2",63,1,"sp_1",0.5,"10.stoch.add.6",149
10,"stoch","add",1.5,6,"V3",51,0.3,"sp_2",0.5,"10.stoch.add.6",149
10,"stoch","add",1.5,6,"V4",42,0.2,"sp_3",0.5,"10.stoch.add.6",149
10,"stoch","add",1.5,6,"V5",35,0,"sp_5",0.5,"10.stoch.add.6",149
10,"stoch","add",1.5,6,"V6",26,0,"sp_6",0.5,"10.stoch.add.6",149
1,"stoch","sub",1.7,1,"V1",238,0,"sp_5",0.5,"1.stoch.sub.1",31
1,"stoch","sub",1.7,1,"V2",0,0,"sp_6",0.5,"1.stoch.sub.1",31
1,"stoch","sub",1.7,1,"V3",0,0.3,"sp_2",0.5,"1.stoch.sub.1",31
1,"stoch","sub",1.7,1,"V4",0,1,"sp_1",0.5,"1.stoch.sub.1",31
1,"stoch","sub",1.7,1,"V5",0,0.2,"sp_3",0.5,"1.stoch.sub.1",31
1,"stoch","sub",1.7,1,"V6",0,0.1,"sp_4",0.5,"1.stoch.sub.1",31
1,"stoch","sub",1.7,2,"V1",138,0,"sp_5",0.5,"1.stoch.sub.2",74
1,"stoch","sub",1.7,2,"V2",100,0,"sp_6",0.5,"1.stoch.sub.2",74
1,"stoch","sub",1.7,2,"V3",0,0.3,"sp_2",0.5,"1.stoch.sub.2",74
1,"stoch","sub",1.7,2,"V4",0,1,"sp_1",0.5,"1.stoch.sub.2",74
1,"stoch","sub",1.7,2,"V5",0,0.2,"sp_3",0.5,"1.stoch.sub.2",74
1,"stoch","sub",1.7,2,"V6",0,0.1,"sp_4",0.5,"1.stoch.sub.2",74
1,"stoch","sub",1.7,4,"V1",86,0,"sp_5",0.5,"1.stoch.sub.4",117
1,"stoch","sub",1.7,4,"V2",61,0,"sp_6",0.5,"1.stoch.sub.4",117
1,"stoch","sub",1.7,4,"V3",50,0.3,"sp_2",0.5,"1.stoch.sub.4",117
1,"stoch","sub",1.7,4,"V4",41,1,"sp_1",0.5,"1.stoch.sub.4",117
1,"stoch","sub",1.7,4,"V5",0,0.2,"sp_3",0.5,"1.stoch.sub.4",117
1,"stoch","sub",1.7,4,"V6",0,0.1,"sp_4",0.5,"1.stoch.sub.4",117
1,"stoch","sub",1.7,6,"V1",68,0,"sp_5",0.5,"1.stoch.sub.6",160
1,"stoch","sub",1.7,6,"V2",50,0,"sp_6",0.5,"1.stoch.sub.6",160
1,"stoch","sub",1.7,6,"V3",40,0.3,"sp_2",0.5,"1.stoch.sub.6",160
1,"stoch","sub",1.7,6,"V4",33,1,"sp_1",0.5,"1.stoch.sub.6",160
1,"stoch","sub",1.7,6,"V5",27,0.2,"sp_3",0.5,"1.stoch.sub.6",160
1,"stoch","sub",1.7,6,"V6",20,0.1,"sp_4",0.5,"1.stoch.sub.6",160
2,"stoch","sub",1.7,1,"V1",238,0,"sp_6",0.5,"2.stoch.sub.1",32
2,"stoch","sub",1.7,1,"V2",0,0.3,"sp_2",0.5,"2.stoch.sub.1",32
2,"stoch","sub",1.7,1,"V3",0,0.2,"sp_3",0.5,"2.stoch.sub.1",32
2,"stoch","sub",1.7,1,"V4",0,0,"sp_5",0.5,"2.stoch.sub.1",32
2,"stoch","sub",1.7,1,"V5",0,1,"sp_1",0.5,"2.stoch.sub.1",32
2,"stoch","sub",1.7,1,"V6",0,0.1,"sp_4",0.5,"2.stoch.sub.1",32
2,"stoch","sub",1.7,2,"V1",138,0,"sp_6",0.5,"2.stoch.sub.2",75
2,"stoch","sub",1.7,2,"V2",100,0.3,"sp_2",0.5,"2.stoch.sub.2",75
2,"stoch","sub",1.7,2,"V3",0,0.2,"sp_3",0.5,"2.stoch.sub.2",75
2,"stoch","sub",1.7,2,"V4",0,0,"sp_5",0.5,"2.stoch.sub.2",75
2,"stoch","sub",1.7,2,"V5",0,1,"sp_1",0.5,"2.stoch.sub.2",75
2,"stoch","sub",1.7,2,"V6",0,0.1,"sp_4",0.5,"2.stoch.sub.2",75
2,"stoch","sub",1.7,4,"V1",86,0,"sp_6",0.5,"2.stoch.sub.4",118
2,"stoch","sub",1.7,4,"V2",61,0.3,"sp_2",0.5,"2.stoch.sub.4",118
2,"stoch","sub",1.7,4,"V3",50,0.2,"sp_3",0.5,"2.stoch.sub.4",118
2,"stoch","sub",1.7,4,"V4",41,0,"sp_5",0.5,"2.stoch.sub.4",118
2,"stoch","sub",1.7,4,"V5",0,1,"sp_1",0.5,"2.stoch.sub.4",118
2,"stoch","sub",1.7,4,"V6",0,0.1,"sp_4",0.5,"2.stoch.sub.4",118
2,"stoch","sub",1.7,6,"V1",68,0,"sp_6",0.5,"2.stoch.sub.6",161
2,"stoch","sub",1.7,6,"V2",50,0.3,"sp_2",0.5,"2.stoch.sub.6",161
2,"stoch","sub",1.7,6,"V3",40,0.2,"sp_3",0.5,"2.stoch.sub.6",161
2,"stoch","sub",1.7,6,"V4",33,0,"sp_5",0.5,"2.stoch.sub.6",161
2,"stoch","sub",1.7,6,"V5",27,1,"sp_1",0.5,"2.stoch.sub.6",161
2,"stoch","sub",1.7,6,"V6",20,0.1,"sp_4",0.5,"2.stoch.sub.6",161
3,"stoch","sub",1.7,1,"V1",238,1,"sp_1",0.5,"3.stoch.sub.1",33
3,"stoch","sub",1.7,1,"V2",0,0,"sp_5",0.5,"3.stoch.sub.1",33
3,"stoch","sub",1.7,1,"V3",0,0.3,"sp_2",0.5,"3.stoch.sub.1",33
3,"stoch","sub",1.7,1,"V4",0,0.2,"sp_3",0.5,"3.stoch.sub.1",33
3,"stoch","sub",1.7,1,"V5",0,0.1,"sp_4",0.5,"3.stoch.sub.1",33
3,"stoch","sub",1.7,1,"V6",0,0,"sp_6",0.5,"3.stoch.sub.1",33
3,"stoch","sub",1.7,2,"V1",138,1,"sp_1",0.5,"3.stoch.sub.2",76
3,"stoch","sub",1.7,2,"V2",100,0,"sp_5",0.5,"3.stoch.sub.2",76
3,"stoch","sub",1.7,2,"V3",0,0.3,"sp_2",0.5,"3.stoch.sub.2",76
3,"stoch","sub",1.7,2,"V4",0,0.2,"sp_3",0.5,"3.stoch.sub.2",76
3,"stoch","sub",1.7,2,"V5",0,0.1,"sp_4",0.5,"3.stoch.sub.2",76
3,"stoch","sub",1.7,2,"V6",0,0,"sp_6",0.5,"3.stoch.sub.2",76
3,"stoch","sub",1.7,4,"V1",86,1,"sp_1",0.5,"3.stoch.sub.4",119
3,"stoch","sub",1.7,4,"V2",61,0,"sp_5",0.5,"3.stoch.sub.4",119
3,"stoch","sub",1.7,4,"V3",50,0.3,"sp_2",0.5,"3.stoch.sub.4",119
3,"stoch","sub",1.7,4,"V4",41,0.2,"sp_3",0.5,"3.stoch.sub.4",119
3,"stoch","sub",1.7,4,"V5",0,0.1,"sp_4",0.5,"3.stoch.sub.4",119
3,"stoch","sub",1.7,4,"V6",0,0,"sp_6",0.5,"3.stoch.sub.4",119
3,"stoch","sub",1.7,6,"V1",68,1,"sp_1",0.5,"3.stoch.sub.6",162
3,"stoch","sub",1.7,6,"V2",50,0,"sp_5",0.5,"3.stoch.sub.6",162
3,"stoch","sub",1.7,6,"V3",40,0.3,"sp_2",0.5,"3.stoch.sub.6",162
3,"stoch","sub",1.7,6,"V4",33,0.2,"sp_3",0.5,"3.stoch.sub.6",162
3,"stoch","sub",1.7,6,"V5",27,0.1,"sp_4",0.5,"3.stoch.sub.6",162
3,"stoch","sub",1.7,6,"V6",20,0,"sp_6",0.5,"3.stoch.sub.6",162
4,"stoch","sub",1.7,1,"V1",238,0.3,"sp_2",0.5,"4.stoch.sub.1",34
4,"stoch","sub",1.7,1,"V2",0,0.1,"sp_4",0.5,"4.stoch.sub.1",34
4,"stoch","sub",1.7,1,"V3",0,0,"sp_5",0.5,"4.stoch.sub.1",34
4,"stoch","sub",1.7,1,"V4",0,1,"sp_1",0.5,"4.stoch.sub.1",34
4,"stoch","sub",1.7,1,"V5",0,0.2,"sp_3",0.5,"4.stoch.sub.1",34
4,"stoch","sub",1.7,1,"V6",0,0,"sp_6",0.5,"4.stoch.sub.1",34
4,"stoch","sub",1.7,2,"V1",138,0.3,"sp_2",0.5,"4.stoch.sub.2",77
4,"stoch","sub",1.7,2,"V2",100,0.1,"sp_4",0.5,"4.stoch.sub.2",77
4,"stoch","sub",1.7,2,"V3",0,0,"sp_5",0.5,"4.stoch.sub.2",77
4,"stoch","sub",1.7,2,"V4",0,1,"sp_1",0.5,"4.stoch.sub.2",77
4,"stoch","sub",1.7,2,"V5",0,0.2,"sp_3",0.5,"4.stoch.sub.2",77
4,"stoch","sub",1.7,2,"V6",0,0,"sp_6",0.5,"4.stoch.sub.2",77
4,"stoch","sub",1.7,4,"V1",86,0.3,"sp_2",0.5,"4.stoch.sub.4",120
4,"stoch","sub",1.7,4,"V2",61,0.1,"sp_4",0.5,"4.stoch.sub.4",120
4,"stoch","sub",1.7,4,"V3",50,0,"sp_5",0.5,"4.stoch.sub.4",120
4,"stoch","sub",1.7,4,"V4",41,1,"sp_1",0.5,"4.stoch.sub.4",120
4,"stoch","sub",1.7,4,"V5",0,0.2,"sp_3",0.5,"4.stoch.sub.4",120
4,"stoch","sub",1.7,4,"V6",0,0,"sp_6",0.5,"4.stoch.sub.4",120
4,"stoch","sub",1.7,6,"V1",68,0.3,"sp_2",0.5,"4.stoch.sub.6",163
4,"stoch","sub",1.7,6,"V2",50,0.1,"sp_4",0.5,"4.stoch.sub.6",163
4,"stoch","sub",1.7,6,"V3",40,0,"sp_5",0.5,"4.stoch.sub.6",163
4,"stoch","sub",1.7,6,"V4",33,1,"sp_1",0.5,"4.stoch.sub.6",163
4,"stoch","sub",1.7,6,"V5",27,0.2,"sp_3",0.5,"4.stoch.sub.6",163
4,"stoch","sub",1.7,6,"V6",20,0,"sp_6",0.5,"4.stoch.sub.6",163
5,"stoch","sub",1.7,1,"V1",238,0.2,"sp_3",0.5,"5.stoch.sub.1",35
5,"stoch","sub",1.7,1,"V2",0,0,"sp_6",0.5,"5.stoch.sub.1",35
5,"stoch","sub",1.7,1,"V3",0,0.3,"sp_2",0.5,"5.stoch.sub.1",35
5,"stoch","sub",1.7,1,"V4",0,0,"sp_5",0.5,"5.stoch.sub.1",35
5,"stoch","sub",1.7,1,"V5",0,1,"sp_1",0.5,"5.stoch.sub.1",35
5,"stoch","sub",1.7,1,"V6",0,0.1,"sp_4",0.5,"5.stoch.sub.1",35
5,"stoch","sub",1.7,2,"V1",138,0.2,"sp_3",0.5,"5.stoch.sub.2",78
5,"stoch","sub",1.7,2,"V2",100,0,"sp_6",0.5,"5.stoch.sub.2",78
5,"stoch","sub",1.7,2,"V3",0,0.3,"sp_2",0.5,"5.stoch.sub.2",78
5,"stoch","sub",1.7,2,"V4",0,0,"sp_5",0.5,"5.stoch.sub.2",78
5,"stoch","sub",1.7,2,"V5",0,1,"sp_1",0.5,"5.stoch.sub.2",78
5,"stoch","sub",1.7,2,"V6",0,0.1,"sp_4",0.5,"5.stoch.sub.2",78
5,"stoch","sub",1.7,4,"V1",86,0.2,"sp_3",0.5,"5.stoch.sub.4",121
5,"stoch","sub",1.7,4,"V2",61,0,"sp_6",0.5,"5.stoch.sub.4",121
5,"stoch","sub",1.7,4,"V3",50,0.3,"sp_2",0.5,"5.stoch.sub.4",121
5,"stoch","sub",1.7,4,"V4",41,0,"sp_5",0.5,"5.stoch.sub.4",121
5,"stoch","sub",1.7,4,"V5",0,1,"sp_1",0.5,"5.stoch.sub.4",121
5,"stoch","sub",1.7,4,"V6",0,0.1,"sp_4",0.5,"5.stoch.sub.4",121
5,"stoch","sub",1.7,6,"V1",68,0.2,"sp_3",0.5,"5.stoch.sub.6",164
5,"stoch","sub",1.7,6,"V2",50,0,"sp_6",0.5,"5.stoch.sub.6",164
5,"stoch","sub",1.7,6,"V3",40,0.3,"sp_2",0.5,"5.stoch.sub.6",164
5,"stoch","sub",1.7,6,"V4",33,0,"sp_5",0.5,"5.stoch.sub.6",164
5,"stoch","sub",1.7,6,"V5",27,1,"sp_1",0.5,"5.stoch.sub.6",164
5,"stoch","sub",1.7,6,"V6",20,0.1,"sp_4",0.5,"5.stoch.sub.6",164
6,"stoch","sub",1.7,1,"V1",238,0.1,"sp_4",0.5,"6.stoch.sub.1",36
6,"stoch","sub",1.7,1,"V2",0,0,"sp_6",0.5,"6.stoch.sub.1",36
6,"stoch","sub",1.7,1,"V3",0,0.3,"sp_2",0.5,"6.stoch.sub.1",36
6,"stoch","sub",1.7,1,"V4",0,0.2,"sp_3",0.5,"6.stoch.sub.1",36
6,"stoch","sub",1.7,1,"V5",0,0,"sp_5",0.5,"6.stoch.sub.1",36
6,"stoch","sub",1.7,1,"V6",0,1,"sp_1",0.5,"6.stoch.sub.1",36
6,"stoch","sub",1.7,2,"V1",138,0.1,"sp_4",0.5,"6.stoch.sub.2",79
6,"stoch","sub",1.7,2,"V2",100,0,"sp_6",0.5,"6.stoch.sub.2",79
6,"stoch","sub",1.7,2,"V3",0,0.3,"sp_2",0.5,"6.stoch.sub.2",79
6,"stoch","sub",1.7,2,"V4",0,0.2,"sp_3",0.5,"6.stoch.sub.2",79
6,"stoch","sub",1.7,2,"V5",0,0,"sp_5",0.5,"6.stoch.sub.2",79
6,"stoch","sub",1.7,2,"V6",0,1,"sp_1",0.5,"6.stoch.sub.2",79
6,"stoch","sub",1.7,4,"V1",86,0.1,"sp_4",0.5,"6.stoch.sub.4",122
6,"stoch","sub",1.7,4,"V2",61,0,"sp_6",0.5,"6.stoch.sub.4",122
6,"stoch","sub",1.7,4,"V3",50,0.3,"sp_2",0.5,"6.stoch.sub.4",122
6,"stoch","sub",1.7,4,"V4",41,0.2,"sp_3",0.5,"6.stoch.sub.4",122
6,"stoch","sub",1.7,4,"V5",0,0,"sp_5",0.5,"6.stoch.sub.4",122
6,"stoch","sub",1.7,4,"V6",0,1,"sp_1",0.5,"6.stoch.sub.4",122
6,"stoch","sub",1.7,6,"V1",68,0.1,"sp_4",0.5,"6.stoch.sub.6",165
6,"stoch","sub",1.7,6,"V2",50,0,"sp_6",0.5,"6.stoch.sub.6",165
6,"stoch","sub",1.7,6,"V3",40,0.3,"sp_2",0.5,"6.stoch.sub.6",165
6,"stoch","sub",1.7,6,"V4",33,0.2,"sp_3",0.5,"6.stoch.sub.6",165
6,"stoch","sub",1.7,6,"V5",27,0,"sp_5",0.5,"6.stoch.sub.6",165
6,"stoch","sub",1.7,6,"V6",20,1,"sp_1",0.5,"6.stoch.sub.6",165
7,"stoch","sub",1.7,1,"V1",238,0,"sp_5",0.5,"7.stoch.sub.1",37
7,"stoch","sub",1.7,1,"V2",0,0.1,"sp_4",0.5,"7.stoch.sub.1",37
7,"stoch","sub",1.7,1,"V3",0,0.3,"sp_2",0.5,"7.stoch.sub.1",37
7,"stoch","sub",1.7,1,"V4",0,1,"sp_1",0.5,"7.stoch.sub.1",37
7,"stoch","sub",1.7,1,"V5",0,0,"sp_6",0.5,"7.stoch.sub.1",37
7,"stoch","sub",1.7,1,"V6",0,0.2,"sp_3",0.5,"7.stoch.sub.1",37
7,"stoch","sub",1.7,2,"V1",138,0,"sp_5",0.5,"7.stoch.sub.2",80
7,"stoch","sub",1.7,2,"V2",100,0.1,"sp_4",0.5,"7.stoch.sub.2",80
7,"stoch","sub",1.7,2,"V3",0,0.3,"sp_2",0.5,"7.stoch.sub.2",80
7,"stoch","sub",1.7,2,"V4",0,1,"sp_1",0.5,"7.stoch.sub.2",80
7,"stoch","sub",1.7,2,"V5",0,0,"sp_6",0.5,"7.stoch.sub.2",80
7,"stoch","sub",1.7,2,"V6",0,0.2,"sp_3",0.5,"7.stoch.sub.2",80
7,"stoch","sub",1.7,4,"V1",86,0,"sp_5",0.5,"7.stoch.sub.4",123
7,"stoch","sub",1.7,4,"V2",61,0.1,"sp_4",0.5,"7.stoch.sub.4",123
7,"stoch","sub",1.7,4,"V3",50,0.3,"sp_2",0.5,"7.stoch.sub.4",123
7,"stoch","sub",1.7,4,"V4",41,1,"sp_1",0.5,"7.stoch.sub.4",123
7,"stoch","sub",1.7,4,"V5",0,0,"sp_6",0.5,"7.stoch.sub.4",123
7,"stoch","sub",1.7,4,"V6",0,0.2,"sp_3",0.5,"7.stoch.sub.4",123
7,"stoch","sub",1.7,6,"V1",68,0,"sp_5",0.5,"7.stoch.sub.6",166
7,"stoch","sub",1.7,6,"V2",50,0.1,"sp_4",0.5,"7.stoch.sub.6",166
7,"stoch","sub",1.7,6,"V3",40,0.3,"sp_2",0.5,"7.stoch.sub.6",166
7,"stoch","sub",1.7,6,"V4",33,1,"sp_1",0.5,"7.stoch.sub.6",166
7,"stoch","sub",1.7,6,"V5",27,0,"sp_6",0.5,"7.stoch.sub.6",166
7,"stoch","sub",1.7,6,"V6",20,0.2,"sp_3",0.5,"7.stoch.sub.6",166
8,"stoch","sub",1.7,1,"V1",238,0,"sp_6",0.5,"8.stoch.sub.1",38
8,"stoch","sub",1.7,1,"V2",0,0.1,"sp_4",0.5,"8.stoch.sub.1",38
8,"stoch","sub",1.7,1,"V3",0,1,"sp_1",0.5,"8.stoch.sub.1",38
8,"stoch","sub",1.7,1,"V4",0,0,"sp_5",0.5,"8.stoch.sub.1",38
8,"stoch","sub",1.7,1,"V5",0,0.2,"sp_3",0.5,"8.stoch.sub.1",38
8,"stoch","sub",1.7,1,"V6",0,0.3,"sp_2",0.5,"8.stoch.sub.1",38
8,"stoch","sub",1.7,2,"V1",138,0,"sp_6",0.5,"8.stoch.sub.2",81
8,"stoch","sub",1.7,2,"V2",100,0.1,"sp_4",0.5,"8.stoch.sub.2",81
8,"stoch","sub",1.7,2,"V3",0,1,"sp_1",0.5,"8.stoch.sub.2",81
8,"stoch","sub",1.7,2,"V4",0,0,"sp_5",0.5,"8.stoch.sub.2",81
8,"stoch","sub",1.7,2,"V5",0,0.2,"sp_3",0.5,"8.stoch.sub.2",81
8,"stoch","sub",1.7,2,"V6",0,0.3,"sp_2",0.5,"8.stoch.sub.2",81
8,"stoch","sub",1.7,4,"V1",86,0,"sp_6",0.5,"8.stoch.sub.4",124
8,"stoch","sub",1.7,4,"V2",61,0.1,"sp_4",0.5,"8.stoch.sub.4",124
8,"stoch","sub",1.7,4,"V3",50,1,"sp_1",0.5,"8.stoch.sub.4",124
8,"stoch","sub",1.7,4,"V4",41,0,"sp_5",0.5,"8.stoch.sub.4",124
8,"stoch","sub",1.7,4,"V5",0,0.2,"sp_3",0.5,"8.stoch.sub.4",124
8,"stoch","sub",1.7,4,"V6",0,0.3,"sp_2",0.5,"8.stoch.sub.4",124
8,"stoch","sub",1.7,6,"V1",68,0,"sp_6",0.5,"8.stoch.sub.6",167
8,"stoch","sub",1.7,6,"V2",50,0.1,"sp_4",0.5,"8.stoch.sub.6",167
8,"stoch","sub",1.7,6,"V3",40,1,"sp_1",0.5,"8.stoch.sub.6",167
8,"stoch","sub",1.7,6,"V4",33,0,"sp_5",0.5,"8.stoch.sub.6",167
8,"stoch","sub",1.7,6,"V5",27,0.2,"sp_3",0.5,"8.stoch.sub.6",167
8,"stoch","sub",1.7,6,"V6",20,0.3,"sp_2",0.5,"8.stoch.sub.6",167
9,"stoch","sub",1.7,1,"V1",238,0,"sp_6",0.5,"9.stoch.sub.1",39
9,"stoch","sub",1.7,1,"V2",0,0.2,"sp_3",0.5,"9.stoch.sub.1",39
9,"stoch","sub",1.7,1,"V3",0,0.3,"sp_2",0.5,"9.stoch.sub.1",39
9,"stoch","sub",1.7,1,"V4",0,1,"sp_1",0.5,"9.stoch.sub.1",39
9,"stoch","sub",1.7,1,"V5",0,0.1,"sp_4",0.5,"9.stoch.sub.1",39
9,"stoch","sub",1.7,1,"V6",0,0,"sp_5",0.5,"9.stoch.sub.1",39
9,"stoch","sub",1.7,2,"V1",138,0,"sp_6",0.5,"9.stoch.sub.2",82
9,"stoch","sub",1.7,2,"V2",100,0.2,"sp_3",0.5,"9.stoch.sub.2",82
9,"stoch","sub",1.7,2,"V3",0,0.3,"sp_2",0.5,"9.stoch.sub.2",82
9,"stoch","sub",1.7,2,"V4",0,1,"sp_1",0.5,"9.stoch.sub.2",82
9,"stoch","sub",1.7,2,"V5",0,0.1,"sp_4",0.5,"9.stoch.sub.2",82
9,"stoch","sub",1.7,2,"V6",0,0,"sp_5",0.5,"9.stoch.sub.2",82
9,"stoch","sub",1.7,4,"V1",86,0,"sp_6",0.5,"9.stoch.sub.4",125
9,"stoch","sub",1.7,4,"V2",61,0.2,"sp_3",0.5,"9.stoch.sub.4",125
9,"stoch","sub",1.7,4,"V3",50,0.3,"sp_2",0.5,"9.stoch.sub.4",125
9,"stoch","sub",1.7,4,"V4",41,1,"sp_1",0.5,"9.stoch.sub.4",125
9,"stoch","sub",1.7,4,"V5",0,0.1,"sp_4",0.5,"9.stoch.sub.4",125
9,"stoch","sub",1.7,4,"V6",0,0,"sp_5",0.5,"9.stoch.sub.4",125
9,"stoch","sub",1.7,6,"V1",68,0,"sp_6",0.5,"9.stoch.sub.6",168
9,"stoch","sub",1.7,6,"V2",50,0.2,"sp_3",0.5,"9.stoch.sub.6",168
9,"stoch","sub",1.7,6,"V3",40,0.3,"sp_2",0.5,"9.stoch.sub.6",168
9,"stoch","sub",1.7,6,"V4",33,1,"sp_1",0.5,"9.stoch.sub.6",168
9,"stoch","sub",1.7,6,"V5",27,0.1,"sp_4",0.5,"9.stoch.sub.6",168
9,"stoch","sub",1.7,6,"V6",20,0,"sp_5",0.5,"9.stoch.sub.6",168
10,"stoch","sub",1.7,1,"V1",238,0.3,"sp_2",0.5,"10.stoch.sub.1",40
10,"stoch","sub",1.7,1,"V2",0,1,"sp_1",0.5,"10.stoch.sub.1",40
10,"stoch","sub",1.7,1,"V3",0,0,"sp_6",0.5,"10.stoch.sub.1",40
10,"stoch","sub",1.7,1,"V4",0,0.2,"sp_3",0.5,"10.stoch.sub.1",40
10,"stoch","sub",1.7,1,"V5",0,0.1,"sp_4",0.5,"10.stoch.sub.1",40
10,"stoch","sub",1.7,1,"V6",0,0,"sp_5",0.5,"10.stoch.sub.1",40
10,"stoch","sub",1.7,2,"V1",138,0.3,"sp_2",0.5,"10.stoch.sub.2",83
10,"stoch","sub",1.7,2,"V2",100,1,"sp_1",0.5,"10.stoch.sub.2",83
10,"stoch","sub",1.7,2,"V3",0,0,"sp_6",0.5,"10.stoch.sub.2",83
10,"stoch","sub",1.7,2,"V4",0,0.2,"sp_3",0.5,"10.stoch.sub.2",83
10,"stoch","sub",1.7,2,"V5",0,0.1,"sp_4",0.5,"10.stoch.sub.2",83
10,"stoch","sub",1.7,2,"V6",0,0,"sp_5",0.5,"10.stoch.sub.2",83
10,"stoch","sub",1.7,4,"V1",86,0.3,"sp_2",0.5,"10.stoch.sub.4",126
10,"stoch","sub",1.7,4,"V2",61,1,"sp_1",0.5,"10.stoch.sub.4",126
10,"stoch","sub",1.7,4,"V3",50,0,"sp_6",0.5,"10.stoch.sub.4",126
10,"stoch","sub",1.7,4,"V4",41,0.2,"sp_3",0.5,"10.stoch.sub.4",126
10,"stoch","sub",1.7,4,"V5",0,0.1,"sp_4",0.5,"10.stoch.sub.4",126
10,"stoch","sub",1.7,4,"V6",0,0,"sp_5",0.5,"10.stoch.sub.4",126
10,"stoch","sub",1.7,6,"V1",68,0.3,"sp_2",0.5,"10.stoch.sub.6",169
10,"stoch","sub",1.7,6,"V2",50,1,"sp_1",0.5,"10.stoch.sub.6",169
10,"stoch","sub",1.7,6,"V3",40,0,"sp_6",0.5,"10.stoch.sub.6",169
10,"stoch","sub",1.7,6,"V4",33,0.2,"sp_3",0.5,"10.stoch.sub.6",169
10,"stoch","sub",1.7,6,"V5",27,0.1,"sp_4",0.5,"10.stoch.sub.6",169
10,"stoch","sub",1.7,6,"V6",20,0,"sp_5",0.5,"10.stoch.sub.6",169
1,"det","add",2.1,2,"V1",133,1,"sp_1",5,"1.det.add.2",44
1,"det","add",2.1,2,"V2",21,0.3,"sp_2",5,"1.det.add.2",44
1,"det","add",2.1,2,"V3",0,0.2,"sp_3",5,"1.det.add.2",44
1,"det","add",2.1,2,"V4",0,0.1,"sp_4",5,"1.det.add.2",44
1,"det","add",2.1,2,"V5",0,0,"sp_5",5,"1.det.add.2",44
1,"det","add",2.1,2,"V6",0,0,"sp_6",5,"1.det.add.2",44
1,"det","add",1.7,4,"V1",197,1,"sp_1",5,"1.det.add.4",87
1,"det","add",1.7,4,"V2",31,0.3,"sp_2",5,"1.det.add.4",87
1,"det","add",1.7,4,"V3",8,0.2,"sp_3",5,"1.det.add.4",87
1,"det","add",1.7,4,"V4",2,0.1,"sp_4",5,"1.det.add.4",87
1,"det","add",1.7,4,"V5",0,0,"sp_5",5,"1.det.add.4",87
1,"det","add",1.7,4,"V6",0,0,"sp_6",5,"1.det.add.4",87
1,"det","add",1.5,6,"V1",250,1,"sp_1",5,"1.det.add.6",130
1,"det","add",1.5,6,"V2",40,0.3,"sp_2",5,"1.det.add.6",130
1,"det","add",1.5,6,"V3",10,0.2,"sp_3",5,"1.det.add.6",130
1,"det","add",1.5,6,"V4",3,0.1,"sp_4",5,"1.det.add.6",130
1,"det","add",1.5,6,"V5",1,0,"sp_5",5,"1.det.add.6",130
1,"det","add",1.5,6,"V6",0,0,"sp_6",5,"1.det.add.6",130
1,"det","add",2.1,2,"V1",114,1,"sp_1",2,"1.det.add.2",43
1,"det","add",2.1,2,"V2",40,0.3,"sp_2",2,"1.det.add.2",43
1,"det","add",2.1,2,"V3",0,0.2,"sp_3",2,"1.det.add.2",43
1,"det","add",2.1,2,"V4",0,0.1,"sp_4",2,"1.det.add.2",43
1,"det","add",2.1,2,"V5",0,0,"sp_5",2,"1.det.add.2",43
1,"det","add",2.1,2,"V6",0,0,"sp_6",2,"1.det.add.2",43
1,"det","add",1.7,4,"V1",152,1,"sp_1",2,"1.det.add.4",86
1,"det","add",1.7,4,"V2",50,0.3,"sp_2",2,"1.det.add.4",86
1,"det","add",1.7,4,"V3",24,0.2,"sp_3",2,"1.det.add.4",86
1,"det","add",1.7,4,"V4",12,0.1,"sp_4",2,"1.det.add.4",86
1,"det","add",1.7,4,"V5",0,0,"sp_5",2,"1.det.add.4",86
1,"det","add",1.7,4,"V6",0,0,"sp_6",2,"1.det.add.4",86
1,"det","add",1.5,6,"V1",188,1,"sp_1",2,"1.det.add.6",129
1,"det","add",1.5,6,"V2",63,0.3,"sp_2",2,"1.det.add.6",129
1,"det","add",1.5,6,"V3",29,0.2,"sp_3",2,"1.det.add.6",129
1,"det","add",1.5,6,"V4",14,0.1,"sp_4",2,"1.det.add.6",129
1,"det","add",1.5,6,"V5",7,0,"sp_5",2,"1.det.add.6",129
1,"det","add",1.5,6,"V6",3,0,"sp_6",2,"1.det.add.6",129
1,"det","add",2.1,2,"V1",100,1,"sp_1",1,"1.det.add.2",42
1,"det","add",2.1,2,"V2",54,0.3,"sp_2",1,"1.det.add.2",42
1,"det","add",2.1,2,"V3",0,0.2,"sp_3",1,"1.det.add.2",42
1,"det","add",2.1,2,"V4",0,0.1,"sp_4",1,"1.det.add.2",42
1,"det","add",2.1,2,"V5",0,0,"sp_5",1,"1.det.add.2",42
1,"det","add",2.1,2,"V6",0,0,"sp_6",1,"1.det.add.2",42
1,"det","add",1.7,4,"V1",113,1,"sp_1",1,"1.det.add.4",85
1,"det","add",1.7,4,"V2",60,0.3,"sp_2",1,"1.det.add.4",85
1,"det","add",1.7,4,"V3",39,0.2,"sp_3",1,"1.det.add.4",85
1,"det","add",1.7,4,"V4",26,0.1,"sp_4",1,"1.det.add.4",85
1,"det","add",1.7,4,"V5",0,0,"sp_5",1,"1.det.add.4",85
1,"det","add",1.7,4,"V6",0,0,"sp_6",1,"1.det.add.4",85
1,"det","add",1.5,6,"V1",128,1,"sp_1",1,"1.det.add.6",128
1,"det","add",1.5,6,"V2",69,0.3,"sp_2",1,"1.det.add.6",128
1,"det","add",1.5,6,"V3",44,0.2,"sp_3",1,"1.det.add.6",128
1,"det","add",1.5,6,"V4",30,0.1,"sp_4",1,"1.det.add.6",128
1,"det","add",1.5,6,"V5",21,0,"sp_5",1,"1.det.add.6",128
1,"det","add",1.5,6,"V6",12,0,"sp_6",1,"1.det.add.6",128
